date,product_id,region,units_sold
2024-01-01,SKU_A,North,5
2024-01-01,SKU_A,South,4
2024-01-01,SKU_A,East,4
2024-01-01,SKU_A,West,5
2024-01-01,SKU_B,North,5
2024-01-01,SKU_B,South,3
2024-01-01,SKU_B,East,5
2024-01-01,SKU_B,West,4
2024-01-01,SKU_C,North,6
2024-01-01,SKU_C,South,7
2024-01-01,SKU_C,East,2
2024-01-01,SKU_C,West,5
2024-01-01,SKU_D,North,5
2024-01-01,SKU_D,South,6
2024-01-01,SKU_D,East,4
2024-01-01,SKU_D,West,6
2024-01-01,SKU_E,North,6
2024-01-01,SKU_E,South,1
2024-01-01,SKU_E,East,7
2024-01-01,SKU_E,West,2
2024-01-02,SKU_A,North,11
2024-01-02,SKU_A,South,4
2024-01-02,SKU_A,East,3
2024-01-02,SKU_A,West,8
2024-01-02,SKU_B,North,3
2024-01-02,SKU_B,South,3
2024-01-02,SKU_B,East,5
2024-01-02,SKU_B,West,8
2024-01-02,SKU_C,North,3
2024-01-02,SKU_C,South,2
2024-01-02,SKU_C,East,5
2024-01-02,SKU_C,West,3
2024-01-02,SKU_D,North,8
2024-01-02,SKU_D,South,10
2024-01-02,SKU_D,East,3
2024-01-02,SKU_D,West,2
2024-01-02,SKU_E,North,5
2024-01-02,SKU_E,South,7
2024-01-02,SKU_E,East,6
2024-01-02,SKU_E,West,6
2024-01-03,SKU_A,North,2
2024-01-03,SKU_A,South,4
2024-01-03,SKU_A,East,9
2024-01-03,SKU_A,West,7
2024-01-03,SKU_B,North,11
2024-01-03,SKU_B,South,8
2024-01-03,SKU_B,East,3
2024-01-03,SKU_B,West,2
2024-01-03,SKU_C,North,3
2024-01-03,SKU_C,South,4
2024-01-03,SKU_C,East,5
2024-01-03,SKU_C,West,5
2024-01-03,SKU_D,North,4
2024-01-03,SKU_D,South,3
2024-01-03,SKU_D,East,8
2024-01-03,SKU_D,West,2
2024-01-03,SKU_E,North,1
2024-01-03,SKU_E,South,4
2024-01-03,SKU_E,East,5
2024-01-03,SKU_E,West,4
2024-01-04,SKU_A,North,3
2024-01-04,SKU_A,South,4
2024-01-04,SKU_A,East,8
2024-01-04,SKU_A,West,2
2024-01-04,SKU_B,North,2
2024-01-04,SKU_B,South,2
2024-01-04,SKU_B,East,7
2024-01-04,SKU_B,West,6
2024-01-04,SKU_C,North,7
2024-01-04,SKU_C,South,6
2024-01-04,SKU_C,East,7
2024-01-04,SKU_C,West,6
2024-01-04,SKU_D,North,4
2024-01-04,SKU_D,South,2
2024-01-04,SKU_D,East,3
2024-01-04,SKU_D,West,4
2024-01-04,SKU_E,North,7
2024-01-04,SKU_E,South,4
2024-01-04,SKU_E,East,3
2024-01-04,SKU_E,West,2
2024-01-05,SKU_A,North,6
2024-01-05,SKU_A,South,3
2024-01-05,SKU_A,East,5
2024-01-05,SKU_A,West,9
2024-01-05,SKU_B,North,6
2024-01-05,SKU_B,South,6
2024-01-05,SKU_B,East,9
2024-01-05,SKU_B,West,4
2024-01-05,SKU_C,North,9
2024-01-05,SKU_C,South,2
2024-01-05,SKU_C,East,10
2024-01-05,SKU_C,West,6
2024-01-05,SKU_D,North,9
2024-01-05,SKU_D,South,4
2024-01-05,SKU_D,East,1
2024-01-05,SKU_D,West,6
2024-01-05,SKU_E,North,8
2024-01-05,SKU_E,South,6
2024-01-05,SKU_E,East,2
2024-01-05,SKU_E,West,3
2024-01-06,SKU_A,North,5
2024-01-06,SKU_A,South,3
2024-01-06,SKU_A,East,3
2024-01-06,SKU_A,West,5
2024-01-06,SKU_B,North,6
2024-01-06,SKU_B,South,5
2024-01-06,SKU_B,East,3
2024-01-06,SKU_B,West,5
2024-01-06,SKU_C,North,3
2024-01-06,SKU_C,South,3
2024-01-06,SKU_C,East,6
2024-01-06,SKU_C,West,5
2024-01-06,SKU_D,North,6
2024-01-06,SKU_D,South,2
2024-01-06,SKU_D,East,4
2024-01-06,SKU_D,West,7
2024-01-06,SKU_E,North,6
2024-01-06,SKU_E,South,5
2024-01-06,SKU_E,East,4
2024-01-06,SKU_E,West,3
2024-01-07,SKU_A,North,3
2024-01-07,SKU_A,South,7
2024-01-07,SKU_A,East,7
2024-01-07,SKU_A,West,6
2024-01-07,SKU_B,North,6
2024-01-07,SKU_B,South,7
2024-01-07,SKU_B,East,8
2024-01-07,SKU_B,West,6
2024-01-07,SKU_C,North,3
2024-01-07,SKU_C,South,7
2024-01-07,SKU_C,East,5
2024-01-07,SKU_C,West,5
2024-01-07,SKU_D,North,7
2024-01-07,SKU_D,South,4
2024-01-07,SKU_D,East,9
2024-01-07,SKU_D,West,4
2024-01-07,SKU_E,North,5
2024-01-07,SKU_E,South,2
2024-01-07,SKU_E,East,6
2024-01-07,SKU_E,West,3
2024-01-08,SKU_A,North,6
2024-01-08,SKU_A,South,2
2024-01-08,SKU_A,East,3
2024-01-08,SKU_A,West,5
2024-01-08,SKU_B,North,3
2024-01-08,SKU_B,South,4
2024-01-08,SKU_B,East,5
2024-01-08,SKU_B,West,6
2024-01-08,SKU_C,North,3
2024-01-08,SKU_C,South,3
2024-01-08,SKU_C,East,4
2024-01-08,SKU_C,West,5
2024-01-08,SKU_D,North,4
2024-01-08,SKU_D,South,2
2024-01-08,SKU_D,East,6
2024-01-08,SKU_D,West,6
2024-01-08,SKU_E,North,8
2024-01-08,SKU_E,South,1
2024-01-08,SKU_E,East,6
2024-01-08,SKU_E,West,2
2024-01-09,SKU_A,North,5
2024-01-09,SKU_A,South,2
2024-01-09,SKU_A,East,6
2024-01-09,SKU_A,West,4
2024-01-09,SKU_B,North,3
2024-01-09,SKU_B,South,5
2024-01-09,SKU_B,East,6
2024-01-09,SKU_B,West,3
2024-01-09,SKU_C,North,4
2024-01-09,SKU_C,South,8
2024-01-09,SKU_C,East,4
2024-01-09,SKU_C,West,10
2024-01-09,SKU_D,North,4
2024-01-09,SKU_D,South,5
2024-01-09,SKU_D,East,10
2024-01-09,SKU_D,West,3
2024-01-09,SKU_E,North,4
2024-01-09,SKU_E,South,7
2024-01-09,SKU_E,East,5
2024-01-09,SKU_E,West,10
2024-01-10,SKU_A,North,4
2024-01-10,SKU_A,South,2
2024-01-10,SKU_A,East,3
2024-01-10,SKU_A,West,5
2024-01-10,SKU_B,North,8
2024-01-10,SKU_B,South,4
2024-01-10,SKU_B,East,3
2024-01-10,SKU_B,West,8
2024-01-10,SKU_C,North,6
2024-01-10,SKU_C,South,8
2024-01-10,SKU_C,East,3
2024-01-10,SKU_C,West,3
2024-01-10,SKU_D,North,5
2024-01-10,SKU_D,South,11
2024-01-10,SKU_D,East,7
2024-01-10,SKU_D,West,4
2024-01-10,SKU_E,North,3
2024-01-10,SKU_E,South,8
2024-01-10,SKU_E,East,8
2024-01-10,SKU_E,West,3
2024-01-11,SKU_A,North,3
2024-01-11,SKU_A,South,6
2024-01-11,SKU_A,East,2
2024-01-11,SKU_A,West,7
2024-01-11,SKU_B,North,5
2024-01-11,SKU_B,South,5
2024-01-11,SKU_B,East,6
2024-01-11,SKU_B,West,1
2024-01-11,SKU_C,North,10
2024-01-11,SKU_C,South,2
2024-01-11,SKU_C,East,5
2024-01-11,SKU_C,West,4
2024-01-11,SKU_D,North,5
2024-01-11,SKU_D,South,4
2024-01-11,SKU_D,East,5
2024-01-11,SKU_D,West,6
2024-01-11,SKU_E,North,1
2024-01-11,SKU_E,South,3
2024-01-11,SKU_E,East,2
2024-01-11,SKU_E,West,5
2024-01-12,SKU_A,North,4
2024-01-12,SKU_A,South,7
2024-01-12,SKU_A,East,7
2024-01-12,SKU_A,West,2
2024-01-12,SKU_B,North,6
2024-01-12,SKU_B,South,7
2024-01-12,SKU_B,East,2
2024-01-12,SKU_B,West,7
2024-01-12,SKU_C,North,5
2024-01-12,SKU_C,South,7
2024-01-12,SKU_C,East,6
2024-01-12,SKU_C,West,5
2024-01-12,SKU_D,North,6
2024-01-12,SKU_D,South,5
2024-01-12,SKU_D,East,4
2024-01-12,SKU_D,West,7
2024-01-12,SKU_E,North,1
2024-01-12,SKU_E,South,8
2024-01-12,SKU_E,East,4
2024-01-12,SKU_E,West,5
2024-01-13,SKU_A,North,3
2024-01-13,SKU_A,South,7
2024-01-13,SKU_A,East,2
2024-01-13,SKU_A,West,5
2024-01-13,SKU_B,North,10
2024-01-13,SKU_B,South,7
2024-01-13,SKU_B,East,7
2024-01-13,SKU_B,West,10
2024-01-13,SKU_C,North,1
2024-01-13,SKU_C,South,5
2024-01-13,SKU_C,East,3
2024-01-13,SKU_C,West,8
2024-01-13,SKU_D,North,7
2024-01-13,SKU_D,South,3
2024-01-13,SKU_D,East,1
2024-01-13,SKU_D,West,5
2024-01-13,SKU_E,North,3
2024-01-13,SKU_E,South,6
2024-01-13,SKU_E,East,3
2024-01-13,SKU_E,West,4
2024-01-14,SKU_A,North,5
2024-01-14,SKU_A,South,8
2024-01-14,SKU_A,East,7
2024-01-14,SKU_A,West,5
2024-01-14,SKU_B,North,4
2024-01-14,SKU_B,South,6
2024-01-14,SKU_B,East,8
2024-01-14,SKU_B,West,4
2024-01-14,SKU_C,North,3
2024-01-14,SKU_C,South,2
2024-01-14,SKU_C,East,3
2024-01-14,SKU_C,West,9
2024-01-14,SKU_D,North,5
2024-01-14,SKU_D,South,4
2024-01-14,SKU_D,East,7
2024-01-14,SKU_D,West,8
2024-01-14,SKU_E,North,4
2024-01-14,SKU_E,South,4
2024-01-14,SKU_E,East,8
2024-01-14,SKU_E,West,5
2024-01-15,SKU_A,North,5
2024-01-15,SKU_A,South,6
2024-01-15,SKU_A,East,7
2024-01-15,SKU_A,West,2
2024-01-15,SKU_B,North,1
2024-01-15,SKU_B,South,7
2024-01-15,SKU_B,East,5
2024-01-15,SKU_B,West,4
2024-01-15,SKU_C,North,4
2024-01-15,SKU_C,South,3
2024-01-15,SKU_C,East,8
2024-01-15,SKU_C,West,7
2024-01-15,SKU_D,North,1
2024-01-15,SKU_D,South,2
2024-01-15,SKU_D,East,4
2024-01-15,SKU_D,West,6
2024-01-15,SKU_E,North,4
2024-01-15,SKU_E,South,6
2024-01-15,SKU_E,East,8
2024-01-15,SKU_E,West,7
2024-01-16,SKU_A,North,5
2024-01-16,SKU_A,South,2
2024-01-16,SKU_A,East,1
2024-01-16,SKU_A,West,7
2024-01-16,SKU_B,North,4
2024-01-16,SKU_B,South,1
2024-01-16,SKU_B,East,6
2024-01-16,SKU_B,West,5
2024-01-16,SKU_C,North,8
2024-01-16,SKU_C,South,5
2024-01-16,SKU_C,East,4
2024-01-16,SKU_C,West,10
2024-01-16,SKU_D,North,7
2024-01-16,SKU_D,South,4
2024-01-16,SKU_D,East,8
2024-01-16,SKU_D,West,5
2024-01-16,SKU_E,North,5
2024-01-16,SKU_E,South,5
2024-01-16,SKU_E,East,2
2024-01-16,SKU_E,West,3
2024-01-17,SKU_A,North,4
2024-01-17,SKU_A,South,9
2024-01-17,SKU_A,East,0
2024-01-17,SKU_A,West,5
2024-01-17,SKU_B,North,5
2024-01-17,SKU_B,South,5
2024-01-17,SKU_B,East,5
2024-01-17,SKU_B,West,4
2024-01-17,SKU_C,North,9
2024-01-17,SKU_C,South,6
2024-01-17,SKU_C,East,2
2024-01-17,SKU_C,West,6
2024-01-17,SKU_D,North,6
2024-01-17,SKU_D,South,6
2024-01-17,SKU_D,East,5
2024-01-17,SKU_D,West,2
2024-01-17,SKU_E,North,5
2024-01-17,SKU_E,South,3
2024-01-17,SKU_E,East,3
2024-01-17,SKU_E,West,3
2024-01-18,SKU_A,North,6
2024-01-18,SKU_A,South,6
2024-01-18,SKU_A,East,4
2024-01-18,SKU_A,West,5
2024-01-18,SKU_B,North,5
2024-01-18,SKU_B,South,7
2024-01-18,SKU_B,East,5
2024-01-18,SKU_B,West,3
2024-01-18,SKU_C,North,4
2024-01-18,SKU_C,South,7
2024-01-18,SKU_C,East,5
2024-01-18,SKU_C,West,7
2024-01-18,SKU_D,North,8
2024-01-18,SKU_D,South,7
2024-01-18,SKU_D,East,5
2024-01-18,SKU_D,West,8
2024-01-18,SKU_E,North,4
2024-01-18,SKU_E,South,6
2024-01-18,SKU_E,East,8
2024-01-18,SKU_E,West,6
2024-01-19,SKU_A,North,3
2024-01-19,SKU_A,South,8
2024-01-19,SKU_A,East,4
2024-01-19,SKU_A,West,7
2024-01-19,SKU_B,North,2
2024-01-19,SKU_B,South,10
2024-01-19,SKU_B,East,6
2024-01-19,SKU_B,West,4
2024-01-19,SKU_C,North,5
2024-01-19,SKU_C,South,6
2024-01-19,SKU_C,East,4
2024-01-19,SKU_C,West,5
2024-01-19,SKU_D,North,6
2024-01-19,SKU_D,South,3
2024-01-19,SKU_D,East,7
2024-01-19,SKU_D,West,7
2024-01-19,SKU_E,North,8
2024-01-19,SKU_E,South,4
2024-01-19,SKU_E,East,7
2024-01-19,SKU_E,West,3
2024-01-20,SKU_A,North,4
2024-01-20,SKU_A,South,4
2024-01-20,SKU_A,East,0
2024-01-20,SKU_A,West,1
2024-01-20,SKU_B,North,1
2024-01-20,SKU_B,South,7
2024-01-20,SKU_B,East,5
2024-01-20,SKU_B,West,5
2024-01-20,SKU_C,North,8
2024-01-20,SKU_C,South,3
2024-01-20,SKU_C,East,5
2024-01-20,SKU_C,West,3
2024-01-20,SKU_D,North,5
2024-01-20,SKU_D,South,1
2024-01-20,SKU_D,East,7
2024-01-20,SKU_D,West,2
2024-01-20,SKU_E,North,4
2024-01-20,SKU_E,South,6
2024-01-20,SKU_E,East,7
2024-01-20,SKU_E,West,9
2024-01-21,SKU_A,North,4
2024-01-21,SKU_A,South,1
2024-01-21,SKU_A,East,4
2024-01-21,SKU_A,West,6
2024-01-21,SKU_B,North,3
2024-01-21,SKU_B,South,4
2024-01-21,SKU_B,East,2
2024-01-21,SKU_B,West,6
2024-01-21,SKU_C,North,8
2024-01-21,SKU_C,South,7
2024-01-21,SKU_C,East,2
2024-01-21,SKU_C,West,6
2024-01-21,SKU_D,North,9
2024-01-21,SKU_D,South,3
2024-01-21,SKU_D,East,8
2024-01-21,SKU_D,West,7
2024-01-21,SKU_E,North,6
2024-01-21,SKU_E,South,10
2024-01-21,SKU_E,East,5
2024-01-21,SKU_E,West,5
2024-01-22,SKU_A,North,5
2024-01-22,SKU_A,South,5
2024-01-22,SKU_A,East,4
2024-01-22,SKU_A,West,10
2024-01-22,SKU_B,North,3
2024-01-22,SKU_B,South,2
2024-01-22,SKU_B,East,6
2024-01-22,SKU_B,West,4
2024-01-22,SKU_C,North,4
2024-01-22,SKU_C,South,8
2024-01-22,SKU_C,East,5
2024-01-22,SKU_C,West,4
2024-01-22,SKU_D,North,7
2024-01-22,SKU_D,South,4
2024-01-22,SKU_D,East,2
2024-01-22,SKU_D,West,2
2024-01-22,SKU_E,North,3
2024-01-22,SKU_E,South,3
2024-01-22,SKU_E,East,8
2024-01-22,SKU_E,West,6
2024-01-23,SKU_A,North,0
2024-01-23,SKU_A,South,8
2024-01-23,SKU_A,East,5
2024-01-23,SKU_A,West,4
2024-01-23,SKU_B,North,5
2024-01-23,SKU_B,South,7
2024-01-23,SKU_B,East,6
2024-01-23,SKU_B,West,3
2024-01-23,SKU_C,North,4
2024-01-23,SKU_C,South,2
2024-01-23,SKU_C,East,4
2024-01-23,SKU_C,West,1
2024-01-23,SKU_D,North,9
2024-01-23,SKU_D,South,3
2024-01-23,SKU_D,East,1
2024-01-23,SKU_D,West,5
2024-01-23,SKU_E,North,4
2024-01-23,SKU_E,South,6
2024-01-23,SKU_E,East,5
2024-01-23,SKU_E,West,8
2024-01-24,SKU_A,North,5
2024-01-24,SKU_A,South,7
2024-01-24,SKU_A,East,4
2024-01-24,SKU_A,West,1
2024-01-24,SKU_B,North,5
2024-01-24,SKU_B,South,4
2024-01-24,SKU_B,East,3
2024-01-24,SKU_B,West,2
2024-01-24,SKU_C,North,12
2024-01-24,SKU_C,South,5
2024-01-24,SKU_C,East,10
2024-01-24,SKU_C,West,6
2024-01-24,SKU_D,North,1
2024-01-24,SKU_D,South,6
2024-01-24,SKU_D,East,2
2024-01-24,SKU_D,West,4
2024-01-24,SKU_E,North,5
2024-01-24,SKU_E,South,8
2024-01-24,SKU_E,East,4
2024-01-24,SKU_E,West,2
2024-01-25,SKU_A,North,1
2024-01-25,SKU_A,South,8
2024-01-25,SKU_A,East,8
2024-01-25,SKU_A,West,4
2024-01-25,SKU_B,North,1
2024-01-25,SKU_B,South,9
2024-01-25,SKU_B,East,4
2024-01-25,SKU_B,West,2
2024-01-25,SKU_C,North,4
2024-01-25,SKU_C,South,3
2024-01-25,SKU_C,East,8
2024-01-25,SKU_C,West,9
2024-01-25,SKU_D,North,4
2024-01-25,SKU_D,South,4
2024-01-25,SKU_D,East,5
2024-01-25,SKU_D,West,11
2024-01-25,SKU_E,North,8
2024-01-25,SKU_E,South,6
2024-01-25,SKU_E,East,2
2024-01-25,SKU_E,West,8
2024-01-26,SKU_A,North,7
2024-01-26,SKU_A,South,6
2024-01-26,SKU_A,East,5
2024-01-26,SKU_A,West,3
2024-01-26,SKU_B,North,5
2024-01-26,SKU_B,South,3
2024-01-26,SKU_B,East,3
2024-01-26,SKU_B,West,7
2024-01-26,SKU_C,North,4
2024-01-26,SKU_C,South,4
2024-01-26,SKU_C,East,6
2024-01-26,SKU_C,West,6
2024-01-26,SKU_D,North,3
2024-01-26,SKU_D,South,4
2024-01-26,SKU_D,East,6
2024-01-26,SKU_D,West,6
2024-01-26,SKU_E,North,6
2024-01-26,SKU_E,South,6
2024-01-26,SKU_E,East,3
2024-01-26,SKU_E,West,5
2024-01-27,SKU_A,North,2
2024-01-27,SKU_A,South,5
2024-01-27,SKU_A,East,3
2024-01-27,SKU_A,West,3
2024-01-27,SKU_B,North,5
2024-01-27,SKU_B,South,11
2024-01-27,SKU_B,East,7
2024-01-27,SKU_B,West,7
2024-01-27,SKU_C,North,4
2024-01-27,SKU_C,South,1
2024-01-27,SKU_C,East,4
2024-01-27,SKU_C,West,5
2024-01-27,SKU_D,North,4
2024-01-27,SKU_D,South,4
2024-01-27,SKU_D,East,7
2024-01-27,SKU_D,West,6
2024-01-27,SKU_E,North,8
2024-01-27,SKU_E,South,4
2024-01-27,SKU_E,East,3
2024-01-27,SKU_E,West,0
2024-01-28,SKU_A,North,4
2024-01-28,SKU_A,South,1
2024-01-28,SKU_A,East,4
2024-01-28,SKU_A,West,3
2024-01-28,SKU_B,North,5
2024-01-28,SKU_B,South,6
2024-01-28,SKU_B,East,6
2024-01-28,SKU_B,West,4
2024-01-28,SKU_C,North,4
2024-01-28,SKU_C,South,5
2024-01-28,SKU_C,East,1
2024-01-28,SKU_C,West,9
2024-01-28,SKU_D,North,7
2024-01-28,SKU_D,South,5
2024-01-28,SKU_D,East,4
2024-01-28,SKU_D,West,5
2024-01-28,SKU_E,North,4
2024-01-28,SKU_E,South,1
2024-01-28,SKU_E,East,3
2024-01-28,SKU_E,West,7
2024-01-29,SKU_A,North,6
2024-01-29,SKU_A,South,10
2024-01-29,SKU_A,East,4
2024-01-29,SKU_A,West,5
2024-01-29,SKU_B,North,6
2024-01-29,SKU_B,South,6
2024-01-29,SKU_B,East,8
2024-01-29,SKU_B,West,4
2024-01-29,SKU_C,North,3
2024-01-29,SKU_C,South,3
2024-01-29,SKU_C,East,9
2024-01-29,SKU_C,West,7
2024-01-29,SKU_D,North,2
2024-01-29,SKU_D,South,2
2024-01-29,SKU_D,East,4
2024-01-29,SKU_D,West,6
2024-01-29,SKU_E,North,9
2024-01-29,SKU_E,South,11
2024-01-29,SKU_E,East,4
2024-01-29,SKU_E,West,7
2024-01-30,SKU_A,North,7
2024-01-30,SKU_A,South,3
2024-01-30,SKU_A,East,7
2024-01-30,SKU_A,West,5
2024-01-30,SKU_B,North,2
2024-01-30,SKU_B,South,9
2024-01-30,SKU_B,East,6
2024-01-30,SKU_B,West,3
2024-01-30,SKU_C,North,6
2024-01-30,SKU_C,South,3
2024-01-30,SKU_C,East,2
2024-01-30,SKU_C,West,8
2024-01-30,SKU_D,North,4
2024-01-30,SKU_D,South,5
2024-01-30,SKU_D,East,4
2024-01-30,SKU_D,West,3
2024-01-30,SKU_E,North,4
2024-01-30,SKU_E,South,3
2024-01-30,SKU_E,East,11
2024-01-30,SKU_E,West,6
2024-01-31,SKU_A,North,5
2024-01-31,SKU_A,South,5
2024-01-31,SKU_A,East,5
2024-01-31,SKU_A,West,3
2024-01-31,SKU_B,North,6
2024-01-31,SKU_B,South,4
2024-01-31,SKU_B,East,5
2024-01-31,SKU_B,West,3
2024-01-31,SKU_C,North,7
2024-01-31,SKU_C,South,3
2024-01-31,SKU_C,East,6
2024-01-31,SKU_C,West,7
2024-01-31,SKU_D,North,1
2024-01-31,SKU_D,South,6
2024-01-31,SKU_D,East,4
2024-01-31,SKU_D,West,2
2024-01-31,SKU_E,North,2
2024-01-31,SKU_E,South,5
2024-01-31,SKU_E,East,5
2024-01-31,SKU_E,West,3
2024-02-01,SKU_A,North,5
2024-02-01,SKU_A,South,11
2024-02-01,SKU_A,East,2
2024-02-01,SKU_A,West,6
2024-02-01,SKU_B,North,5
2024-02-01,SKU_B,South,3
2024-02-01,SKU_B,East,4
2024-02-01,SKU_B,West,10
2024-02-01,SKU_C,North,1
2024-02-01,SKU_C,South,8
2024-02-01,SKU_C,East,3
2024-02-01,SKU_C,West,5
2024-02-01,SKU_D,North,4
2024-02-01,SKU_D,South,11
2024-02-01,SKU_D,East,3
2024-02-01,SKU_D,West,4
2024-02-01,SKU_E,North,3
2024-02-01,SKU_E,South,3
2024-02-01,SKU_E,East,8
2024-02-01,SKU_E,West,1
2024-02-02,SKU_A,North,5
2024-02-02,SKU_A,South,7
2024-02-02,SKU_A,East,3
2024-02-02,SKU_A,West,7
2024-02-02,SKU_B,North,5
2024-02-02,SKU_B,South,7
2024-02-02,SKU_B,East,5
2024-02-02,SKU_B,West,7
2024-02-02,SKU_C,North,5
2024-02-02,SKU_C,South,4
2024-02-02,SKU_C,East,5
2024-02-02,SKU_C,West,11
2024-02-02,SKU_D,North,7
2024-02-02,SKU_D,South,6
2024-02-02,SKU_D,East,3
2024-02-02,SKU_D,West,0
2024-02-02,SKU_E,North,10
2024-02-02,SKU_E,South,5
2024-02-02,SKU_E,East,5
2024-02-02,SKU_E,West,3
2024-02-03,SKU_A,North,4
2024-02-03,SKU_A,South,2
2024-02-03,SKU_A,East,2
2024-02-03,SKU_A,West,7
2024-02-03,SKU_B,North,3
2024-02-03,SKU_B,South,1
2024-02-03,SKU_B,East,3
2024-02-03,SKU_B,West,7
2024-02-03,SKU_C,North,5
2024-02-03,SKU_C,South,5
2024-02-03,SKU_C,East,4
2024-02-03,SKU_C,West,5
2024-02-03,SKU_D,North,5
2024-02-03,SKU_D,South,3
2024-02-03,SKU_D,East,3
2024-02-03,SKU_D,West,6
2024-02-03,SKU_E,North,6
2024-02-03,SKU_E,South,4
2024-02-03,SKU_E,East,9
2024-02-03,SKU_E,West,6
2024-02-04,SKU_A,North,5
2024-02-04,SKU_A,South,5
2024-02-04,SKU_A,East,4
2024-02-04,SKU_A,West,10
2024-02-04,SKU_B,North,6
2024-02-04,SKU_B,South,2
2024-02-04,SKU_B,East,4
2024-02-04,SKU_B,West,3
2024-02-04,SKU_C,North,2
2024-02-04,SKU_C,South,5
2024-02-04,SKU_C,East,6
2024-02-04,SKU_C,West,5
2024-02-04,SKU_D,North,10
2024-02-04,SKU_D,South,5
2024-02-04,SKU_D,East,5
2024-02-04,SKU_D,West,4
2024-02-04,SKU_E,North,4
2024-02-04,SKU_E,South,3
2024-02-04,SKU_E,East,6
2024-02-04,SKU_E,West,4
2024-02-05,SKU_A,North,2
2024-02-05,SKU_A,South,9
2024-02-05,SKU_A,East,5
2024-02-05,SKU_A,West,9
2024-02-05,SKU_B,North,5
2024-02-05,SKU_B,South,5
2024-02-05,SKU_B,East,1
2024-02-05,SKU_B,West,5
2024-02-05,SKU_C,North,8
2024-02-05,SKU_C,South,6
2024-02-05,SKU_C,East,2
2024-02-05,SKU_C,West,5
2024-02-05,SKU_D,North,5
2024-02-05,SKU_D,South,4
2024-02-05,SKU_D,East,6
2024-02-05,SKU_D,West,5
2024-02-05,SKU_E,North,6
2024-02-05,SKU_E,South,5
2024-02-05,SKU_E,East,4
2024-02-05,SKU_E,West,7
2024-02-06,SKU_A,North,5
2024-02-06,SKU_A,South,7
2024-02-06,SKU_A,East,6
2024-02-06,SKU_A,West,4
2024-02-06,SKU_B,North,8
2024-02-06,SKU_B,South,4
2024-02-06,SKU_B,East,3
2024-02-06,SKU_B,West,5
2024-02-06,SKU_C,North,10
2024-02-06,SKU_C,South,6
2024-02-06,SKU_C,East,4
2024-02-06,SKU_C,West,3
2024-02-06,SKU_D,North,3
2024-02-06,SKU_D,South,5
2024-02-06,SKU_D,East,2
2024-02-06,SKU_D,West,6
2024-02-06,SKU_E,North,2
2024-02-06,SKU_E,South,5
2024-02-06,SKU_E,East,2
2024-02-06,SKU_E,West,6
2024-02-07,SKU_A,North,3
2024-02-07,SKU_A,South,5
2024-02-07,SKU_A,East,2
2024-02-07,SKU_A,West,6
2024-02-07,SKU_B,North,6
2024-02-07,SKU_B,South,7
2024-02-07,SKU_B,East,6
2024-02-07,SKU_B,West,6
2024-02-07,SKU_C,North,4
2024-02-07,SKU_C,South,4
2024-02-07,SKU_C,East,7
2024-02-07,SKU_C,West,5
2024-02-07,SKU_D,North,5
2024-02-07,SKU_D,South,8
2024-02-07,SKU_D,East,4
2024-02-07,SKU_D,West,2
2024-02-07,SKU_E,North,3
2024-02-07,SKU_E,South,4
2024-02-07,SKU_E,East,6
2024-02-07,SKU_E,West,9
2024-02-08,SKU_A,North,3
2024-02-08,SKU_A,South,5
2024-02-08,SKU_A,East,3
2024-02-08,SKU_A,West,2
2024-02-08,SKU_B,North,4
2024-02-08,SKU_B,South,9
2024-02-08,SKU_B,East,4
2024-02-08,SKU_B,West,5
2024-02-08,SKU_C,North,8
2024-02-08,SKU_C,South,8
2024-02-08,SKU_C,East,5
2024-02-08,SKU_C,West,3
2024-02-08,SKU_D,North,9
2024-02-08,SKU_D,South,2
2024-02-08,SKU_D,East,8
2024-02-08,SKU_D,West,7
2024-02-08,SKU_E,North,6
2024-02-08,SKU_E,South,9
2024-02-08,SKU_E,East,3
2024-02-08,SKU_E,West,6
2024-02-09,SKU_A,North,7
2024-02-09,SKU_A,South,7
2024-02-09,SKU_A,East,5
2024-02-09,SKU_A,West,5
2024-02-09,SKU_B,North,1
2024-02-09,SKU_B,South,7
2024-02-09,SKU_B,East,4
2024-02-09,SKU_B,West,7
2024-02-09,SKU_C,North,5
2024-02-09,SKU_C,South,5
2024-02-09,SKU_C,East,3
2024-02-09,SKU_C,West,5
2024-02-09,SKU_D,North,5
2024-02-09,SKU_D,South,4
2024-02-09,SKU_D,East,3
2024-02-09,SKU_D,West,3
2024-02-09,SKU_E,North,5
2024-02-09,SKU_E,South,10
2024-02-09,SKU_E,East,2
2024-02-09,SKU_E,West,5
2024-02-10,SKU_A,North,3
2024-02-10,SKU_A,South,4
2024-02-10,SKU_A,East,6
2024-02-10,SKU_A,West,3
2024-02-10,SKU_B,North,4
2024-02-10,SKU_B,South,4
2024-02-10,SKU_B,East,5
2024-02-10,SKU_B,West,8
2024-02-10,SKU_C,North,5
2024-02-10,SKU_C,South,6
2024-02-10,SKU_C,East,3
2024-02-10,SKU_C,West,4
2024-02-10,SKU_D,North,5
2024-02-10,SKU_D,South,6
2024-02-10,SKU_D,East,7
2024-02-10,SKU_D,West,5
2024-02-10,SKU_E,North,2
2024-02-10,SKU_E,South,6
2024-02-10,SKU_E,East,4
2024-02-10,SKU_E,West,2
2024-02-11,SKU_A,North,4
2024-02-11,SKU_A,South,2
2024-02-11,SKU_A,East,3
2024-02-11,SKU_A,West,4
2024-02-11,SKU_B,North,7
2024-02-11,SKU_B,South,5
2024-02-11,SKU_B,East,5
2024-02-11,SKU_B,West,7
2024-02-11,SKU_C,North,9
2024-02-11,SKU_C,South,7
2024-02-11,SKU_C,East,6
2024-02-11,SKU_C,West,6
2024-02-11,SKU_D,North,9
2024-02-11,SKU_D,South,2
2024-02-11,SKU_D,East,3
2024-02-11,SKU_D,West,9
2024-02-11,SKU_E,North,3
2024-02-11,SKU_E,South,8
2024-02-11,SKU_E,East,5
2024-02-11,SKU_E,West,4
2024-02-12,SKU_A,North,9
2024-02-12,SKU_A,South,2
2024-02-12,SKU_A,East,5
2024-02-12,SKU_A,West,10
2024-02-12,SKU_B,North,5
2024-02-12,SKU_B,South,4
2024-02-12,SKU_B,East,7
2024-02-12,SKU_B,West,3
2024-02-12,SKU_C,North,6
2024-02-12,SKU_C,South,3
2024-02-12,SKU_C,East,3
2024-02-12,SKU_C,West,4
2024-02-12,SKU_D,North,1
2024-02-12,SKU_D,South,2
2024-02-12,SKU_D,East,4
2024-02-12,SKU_D,West,5
2024-02-12,SKU_E,North,8
2024-02-12,SKU_E,South,7
2024-02-12,SKU_E,East,7
2024-02-12,SKU_E,West,2
2024-02-13,SKU_A,North,6
2024-02-13,SKU_A,South,8
2024-02-13,SKU_A,East,6
2024-02-13,SKU_A,West,4
2024-02-13,SKU_B,North,4
2024-02-13,SKU_B,South,4
2024-02-13,SKU_B,East,1
2024-02-13,SKU_B,West,6
2024-02-13,SKU_C,North,8
2024-02-13,SKU_C,South,7
2024-02-13,SKU_C,East,7
2024-02-13,SKU_C,West,6
2024-02-13,SKU_D,North,6
2024-02-13,SKU_D,South,4
2024-02-13,SKU_D,East,3
2024-02-13,SKU_D,West,6
2024-02-13,SKU_E,North,3
2024-02-13,SKU_E,South,10
2024-02-13,SKU_E,East,5
2024-02-13,SKU_E,West,6
2024-02-14,SKU_A,North,6
2024-02-14,SKU_A,South,4
2024-02-14,SKU_A,East,6
2024-02-14,SKU_A,West,5
2024-02-14,SKU_B,North,3
2024-02-14,SKU_B,South,2
2024-02-14,SKU_B,East,3
2024-02-14,SKU_B,West,2
2024-02-14,SKU_C,North,8
2024-02-14,SKU_C,South,7
2024-02-14,SKU_C,East,4
2024-02-14,SKU_C,West,3
2024-02-14,SKU_D,North,3
2024-02-14,SKU_D,South,6
2024-02-14,SKU_D,East,5
2024-02-14,SKU_D,West,1
2024-02-14,SKU_E,North,8
2024-02-14,SKU_E,South,9
2024-02-14,SKU_E,East,4
2024-02-14,SKU_E,West,7
2024-02-15,SKU_A,North,3
2024-02-15,SKU_A,South,7
2024-02-15,SKU_A,East,5
2024-02-15,SKU_A,West,6
2024-02-15,SKU_B,North,8
2024-02-15,SKU_B,South,2
2024-02-15,SKU_B,East,4
2024-02-15,SKU_B,West,9
2024-02-15,SKU_C,North,4
2024-02-15,SKU_C,South,4
2024-02-15,SKU_C,East,3
2024-02-15,SKU_C,West,4
2024-02-15,SKU_D,North,4
2024-02-15,SKU_D,South,6
2024-02-15,SKU_D,East,7
2024-02-15,SKU_D,West,3
2024-02-15,SKU_E,North,6
2024-02-15,SKU_E,South,8
2024-02-15,SKU_E,East,7
2024-02-15,SKU_E,West,3
2024-02-16,SKU_A,North,4
2024-02-16,SKU_A,South,6
2024-02-16,SKU_A,East,8
2024-02-16,SKU_A,West,3
2024-02-16,SKU_B,North,4
2024-02-16,SKU_B,South,3
2024-02-16,SKU_B,East,8
2024-02-16,SKU_B,West,1
2024-02-16,SKU_C,North,3
2024-02-16,SKU_C,South,7
2024-02-16,SKU_C,East,5
2024-02-16,SKU_C,West,9
2024-02-16,SKU_D,North,5
2024-02-16,SKU_D,South,4
2024-02-16,SKU_D,East,5
2024-02-16,SKU_D,West,7
2024-02-16,SKU_E,North,3
2024-02-16,SKU_E,South,6
2024-02-16,SKU_E,East,7
2024-02-16,SKU_E,West,4
2024-02-17,SKU_A,North,4
2024-02-17,SKU_A,South,4
2024-02-17,SKU_A,East,3
2024-02-17,SKU_A,West,4
2024-02-17,SKU_B,North,2
2024-02-17,SKU_B,South,7
2024-02-17,SKU_B,East,6
2024-02-17,SKU_B,West,7
2024-02-17,SKU_C,North,5
2024-02-17,SKU_C,South,4
2024-02-17,SKU_C,East,5
2024-02-17,SKU_C,West,4
2024-02-17,SKU_D,North,7
2024-02-17,SKU_D,South,5
2024-02-17,SKU_D,East,6
2024-02-17,SKU_D,West,5
2024-02-17,SKU_E,North,2
2024-02-17,SKU_E,South,4
2024-02-17,SKU_E,East,4
2024-02-17,SKU_E,West,6
2024-02-18,SKU_A,North,11
2024-02-18,SKU_A,South,6
2024-02-18,SKU_A,East,8
2024-02-18,SKU_A,West,5
2024-02-18,SKU_B,North,3
2024-02-18,SKU_B,South,5
2024-02-18,SKU_B,East,1
2024-02-18,SKU_B,West,8
2024-02-18,SKU_C,North,6
2024-02-18,SKU_C,South,4
2024-02-18,SKU_C,East,7
2024-02-18,SKU_C,West,1
2024-02-18,SKU_D,North,7
2024-02-18,SKU_D,South,3
2024-02-18,SKU_D,East,9
2024-02-18,SKU_D,West,4
2024-02-18,SKU_E,North,2
2024-02-18,SKU_E,South,4
2024-02-18,SKU_E,East,6
2024-02-18,SKU_E,West,2
2024-02-19,SKU_A,North,1
2024-02-19,SKU_A,South,7
2024-02-19,SKU_A,East,7
2024-02-19,SKU_A,West,6
2024-02-19,SKU_B,North,8
2024-02-19,SKU_B,South,7
2024-02-19,SKU_B,East,5
2024-02-19,SKU_B,West,6
2024-02-19,SKU_C,North,6
2024-02-19,SKU_C,South,7
2024-02-19,SKU_C,East,6
2024-02-19,SKU_C,West,3
2024-02-19,SKU_D,North,3
2024-02-19,SKU_D,South,1
2024-02-19,SKU_D,East,5
2024-02-19,SKU_D,West,3
2024-02-19,SKU_E,North,9
2024-02-19,SKU_E,South,8
2024-02-19,SKU_E,East,4
2024-02-19,SKU_E,West,2
2024-02-20,SKU_A,North,3
2024-02-20,SKU_A,South,2
2024-02-20,SKU_A,East,4
2024-02-20,SKU_A,West,4
2024-02-20,SKU_B,North,5
2024-02-20,SKU_B,South,8
2024-02-20,SKU_B,East,6
2024-02-20,SKU_B,West,3
2024-02-20,SKU_C,North,5
2024-02-20,SKU_C,South,6
2024-02-20,SKU_C,East,3
2024-02-20,SKU_C,West,8
2024-02-20,SKU_D,North,8
2024-02-20,SKU_D,South,5
2024-02-20,SKU_D,East,4
2024-02-20,SKU_D,West,2
2024-02-20,SKU_E,North,6
2024-02-20,SKU_E,South,5
2024-02-20,SKU_E,East,6
2024-02-20,SKU_E,West,7
2024-02-21,SKU_A,North,3
2024-02-21,SKU_A,South,9
2024-02-21,SKU_A,East,2
2024-02-21,SKU_A,West,0
2024-02-21,SKU_B,North,6
2024-02-21,SKU_B,South,4
2024-02-21,SKU_B,East,6
2024-02-21,SKU_B,West,4
2024-02-21,SKU_C,North,5
2024-02-21,SKU_C,South,2
2024-02-21,SKU_C,East,5
2024-02-21,SKU_C,West,4
2024-02-21,SKU_D,North,3
2024-02-21,SKU_D,South,5
2024-02-21,SKU_D,East,3
2024-02-21,SKU_D,West,3
2024-02-21,SKU_E,North,4
2024-02-21,SKU_E,South,8
2024-02-21,SKU_E,East,5
2024-02-21,SKU_E,West,4
2024-02-22,SKU_A,North,4
2024-02-22,SKU_A,South,4
2024-02-22,SKU_A,East,4
2024-02-22,SKU_A,West,7
2024-02-22,SKU_B,North,8
2024-02-22,SKU_B,South,7
2024-02-22,SKU_B,East,3
2024-02-22,SKU_B,West,6
2024-02-22,SKU_C,North,6
2024-02-22,SKU_C,South,4
2024-02-22,SKU_C,East,6
2024-02-22,SKU_C,West,9
2024-02-22,SKU_D,North,6
2024-02-22,SKU_D,South,4
2024-02-22,SKU_D,East,6
2024-02-22,SKU_D,West,7
2024-02-22,SKU_E,North,4
2024-02-22,SKU_E,South,3
2024-02-22,SKU_E,East,4
2024-02-22,SKU_E,West,5
2024-02-23,SKU_A,North,3
2024-02-23,SKU_A,South,5
2024-02-23,SKU_A,East,3
2024-02-23,SKU_A,West,5
2024-02-23,SKU_B,North,5
2024-02-23,SKU_B,South,5
2024-02-23,SKU_B,East,6
2024-02-23,SKU_B,West,6
2024-02-23,SKU_C,North,6
2024-02-23,SKU_C,South,5
2024-02-23,SKU_C,East,7
2024-02-23,SKU_C,West,3
2024-02-23,SKU_D,North,5
2024-02-23,SKU_D,South,7
2024-02-23,SKU_D,East,2
2024-02-23,SKU_D,West,8
2024-02-23,SKU_E,North,4
2024-02-23,SKU_E,South,2
2024-02-23,SKU_E,East,5
2024-02-23,SKU_E,West,5
2024-02-24,SKU_A,North,4
2024-02-24,SKU_A,South,6
2024-02-24,SKU_A,East,8
2024-02-24,SKU_A,West,4
2024-02-24,SKU_B,North,3
2024-02-24,SKU_B,South,6
2024-02-24,SKU_B,East,4
2024-02-24,SKU_B,West,2
2024-02-24,SKU_C,North,3
2024-02-24,SKU_C,South,1
2024-02-24,SKU_C,East,9
2024-02-24,SKU_C,West,5
2024-02-24,SKU_D,North,3
2024-02-24,SKU_D,South,4
2024-02-24,SKU_D,East,3
2024-02-24,SKU_D,West,4
2024-02-24,SKU_E,North,6
2024-02-24,SKU_E,South,4
2024-02-24,SKU_E,East,2
2024-02-24,SKU_E,West,6
2024-02-25,SKU_A,North,3
2024-02-25,SKU_A,South,6
2024-02-25,SKU_A,East,2
2024-02-25,SKU_A,West,8
2024-02-25,SKU_B,North,3
2024-02-25,SKU_B,South,6
2024-02-25,SKU_B,East,4
2024-02-25,SKU_B,West,5
2024-02-25,SKU_C,North,6
2024-02-25,SKU_C,South,1
2024-02-25,SKU_C,East,5
2024-02-25,SKU_C,West,7
2024-02-25,SKU_D,North,6
2024-02-25,SKU_D,South,6
2024-02-25,SKU_D,East,7
2024-02-25,SKU_D,West,4
2024-02-25,SKU_E,North,3
2024-02-25,SKU_E,South,8
2024-02-25,SKU_E,East,4
2024-02-25,SKU_E,West,5
2024-02-26,SKU_A,North,5
2024-02-26,SKU_A,South,3
2024-02-26,SKU_A,East,9
2024-02-26,SKU_A,West,8
2024-02-26,SKU_B,North,6
2024-02-26,SKU_B,South,3
2024-02-26,SKU_B,East,5
2024-02-26,SKU_B,West,5
2024-02-26,SKU_C,North,5
2024-02-26,SKU_C,South,3
2024-02-26,SKU_C,East,7
2024-02-26,SKU_C,West,3
2024-02-26,SKU_D,North,0
2024-02-26,SKU_D,South,6
2024-02-26,SKU_D,East,6
2024-02-26,SKU_D,West,4
2024-02-26,SKU_E,North,5
2024-02-26,SKU_E,South,9
2024-02-26,SKU_E,East,5
2024-02-26,SKU_E,West,4
2024-02-27,SKU_A,North,3
2024-02-27,SKU_A,South,6
2024-02-27,SKU_A,East,2
2024-02-27,SKU_A,West,6
2024-02-27,SKU_B,North,6
2024-02-27,SKU_B,South,6
2024-02-27,SKU_B,East,5
2024-02-27,SKU_B,West,3
2024-02-27,SKU_C,North,4
2024-02-27,SKU_C,South,4
2024-02-27,SKU_C,East,5
2024-02-27,SKU_C,West,4
2024-02-27,SKU_D,North,4
2024-02-27,SKU_D,South,5
2024-02-27,SKU_D,East,5
2024-02-27,SKU_D,West,5
2024-02-27,SKU_E,North,7
2024-02-27,SKU_E,South,3
2024-02-27,SKU_E,East,2
2024-02-27,SKU_E,West,4
2024-02-28,SKU_A,North,4
2024-02-28,SKU_A,South,6
2024-02-28,SKU_A,East,3
2024-02-28,SKU_A,West,5
2024-02-28,SKU_B,North,5
2024-02-28,SKU_B,South,5
2024-02-28,SKU_B,East,5
2024-02-28,SKU_B,West,3
2024-02-28,SKU_C,North,10
2024-02-28,SKU_C,South,5
2024-02-28,SKU_C,East,4
2024-02-28,SKU_C,West,4
2024-02-28,SKU_D,North,7
2024-02-28,SKU_D,South,3
2024-02-28,SKU_D,East,6
2024-02-28,SKU_D,West,2
2024-02-28,SKU_E,North,4
2024-02-28,SKU_E,South,4
2024-02-28,SKU_E,East,4
2024-02-28,SKU_E,West,8
2024-02-29,SKU_A,North,5
2024-02-29,SKU_A,South,8
2024-02-29,SKU_A,East,5
2024-02-29,SKU_A,West,7
2024-02-29,SKU_B,North,8
2024-02-29,SKU_B,South,3
2024-02-29,SKU_B,East,4
2024-02-29,SKU_B,West,6
2024-02-29,SKU_C,North,4
2024-02-29,SKU_C,South,4
2024-02-29,SKU_C,East,6
2024-02-29,SKU_C,West,2
2024-02-29,SKU_D,North,4
2024-02-29,SKU_D,South,2
2024-02-29,SKU_D,East,8
2024-02-29,SKU_D,West,7
2024-02-29,SKU_E,North,2
2024-02-29,SKU_E,South,5
2024-02-29,SKU_E,East,6
2024-02-29,SKU_E,West,7
2024-03-01,SKU_A,North,7
2024-03-01,SKU_A,South,7
2024-03-01,SKU_A,East,6
2024-03-01,SKU_A,West,5
2024-03-01,SKU_B,North,5
2024-03-01,SKU_B,South,8
2024-03-01,SKU_B,East,7
2024-03-01,SKU_B,West,4
2024-03-01,SKU_C,North,5
2024-03-01,SKU_C,South,8
2024-03-01,SKU_C,East,5
2024-03-01,SKU_C,West,2
2024-03-01,SKU_D,North,3
2024-03-01,SKU_D,South,7
2024-03-01,SKU_D,East,3
2024-03-01,SKU_D,West,8
2024-03-01,SKU_E,North,1
2024-03-01,SKU_E,South,5
2024-03-01,SKU_E,East,3
2024-03-01,SKU_E,West,5
2024-03-02,SKU_A,North,5
2024-03-02,SKU_A,South,2
2024-03-02,SKU_A,East,7
2024-03-02,SKU_A,West,2
2024-03-02,SKU_B,North,4
2024-03-02,SKU_B,South,5
2024-03-02,SKU_B,East,4
2024-03-02,SKU_B,West,4
2024-03-02,SKU_C,North,5
2024-03-02,SKU_C,South,4
2024-03-02,SKU_C,East,4
2024-03-02,SKU_C,West,5
2024-03-02,SKU_D,North,7
2024-03-02,SKU_D,South,6
2024-03-02,SKU_D,East,6
2024-03-02,SKU_D,West,8
2024-03-02,SKU_E,North,5
2024-03-02,SKU_E,South,2
2024-03-02,SKU_E,East,4
2024-03-02,SKU_E,West,6
2024-03-03,SKU_A,North,3
2024-03-03,SKU_A,South,3
2024-03-03,SKU_A,East,5
2024-03-03,SKU_A,West,5
2024-03-03,SKU_B,North,6
2024-03-03,SKU_B,South,2
2024-03-03,SKU_B,East,6
2024-03-03,SKU_B,West,4
2024-03-03,SKU_C,North,3
2024-03-03,SKU_C,South,4
2024-03-03,SKU_C,East,2
2024-03-03,SKU_C,West,6
2024-03-03,SKU_D,North,8
2024-03-03,SKU_D,South,5
2024-03-03,SKU_D,East,6
2024-03-03,SKU_D,West,5
2024-03-03,SKU_E,North,5
2024-03-03,SKU_E,South,6
2024-03-03,SKU_E,East,4
2024-03-03,SKU_E,West,4
2024-03-04,SKU_A,North,5
2024-03-04,SKU_A,South,5
2024-03-04,SKU_A,East,4
2024-03-04,SKU_A,West,4
2024-03-04,SKU_B,North,7
2024-03-04,SKU_B,South,5
2024-03-04,SKU_B,East,4
2024-03-04,SKU_B,West,3
2024-03-04,SKU_C,North,9
2024-03-04,SKU_C,South,6
2024-03-04,SKU_C,East,6
2024-03-04,SKU_C,West,4
2024-03-04,SKU_D,North,7
2024-03-04,SKU_D,South,6
2024-03-04,SKU_D,East,6
2024-03-04,SKU_D,West,2
2024-03-04,SKU_E,North,6
2024-03-04,SKU_E,South,4
2024-03-04,SKU_E,East,7
2024-03-04,SKU_E,West,8
2024-03-05,SKU_A,North,6
2024-03-05,SKU_A,South,3
2024-03-05,SKU_A,East,4
2024-03-05,SKU_A,West,5
2024-03-05,SKU_B,North,3
2024-03-05,SKU_B,South,5
2024-03-05,SKU_B,East,8
2024-03-05,SKU_B,West,8
2024-03-05,SKU_C,North,5
2024-03-05,SKU_C,South,5
2024-03-05,SKU_C,East,8
2024-03-05,SKU_C,West,5
2024-03-05,SKU_D,North,4
2024-03-05,SKU_D,South,3
2024-03-05,SKU_D,East,7
2024-03-05,SKU_D,West,4
2024-03-05,SKU_E,North,4
2024-03-05,SKU_E,South,5
2024-03-05,SKU_E,East,3
2024-03-05,SKU_E,West,5
2024-03-06,SKU_A,North,4
2024-03-06,SKU_A,South,6
2024-03-06,SKU_A,East,5
2024-03-06,SKU_A,West,5
2024-03-06,SKU_B,North,2
2024-03-06,SKU_B,South,5
2024-03-06,SKU_B,East,3
2024-03-06,SKU_B,West,3
2024-03-06,SKU_C,North,5
2024-03-06,SKU_C,South,4
2024-03-06,SKU_C,East,3
2024-03-06,SKU_C,West,4
2024-03-06,SKU_D,North,2
2024-03-06,SKU_D,South,6
2024-03-06,SKU_D,East,7
2024-03-06,SKU_D,West,3
2024-03-06,SKU_E,North,5
2024-03-06,SKU_E,South,4
2024-03-06,SKU_E,East,6
2024-03-06,SKU_E,West,6
2024-03-07,SKU_A,North,2
2024-03-07,SKU_A,South,2
2024-03-07,SKU_A,East,5
2024-03-07,SKU_A,West,2
2024-03-07,SKU_B,North,7
2024-03-07,SKU_B,South,4
2024-03-07,SKU_B,East,5
2024-03-07,SKU_B,West,7
2024-03-07,SKU_C,North,5
2024-03-07,SKU_C,South,7
2024-03-07,SKU_C,East,1
2024-03-07,SKU_C,West,3
2024-03-07,SKU_D,North,4
2024-03-07,SKU_D,South,9
2024-03-07,SKU_D,East,4
2024-03-07,SKU_D,West,5
2024-03-07,SKU_E,North,6
2024-03-07,SKU_E,South,6
2024-03-07,SKU_E,East,3
2024-03-07,SKU_E,West,3
2024-03-08,SKU_A,North,5
2024-03-08,SKU_A,South,7
2024-03-08,SKU_A,East,6
2024-03-08,SKU_A,West,6
2024-03-08,SKU_B,North,4
2024-03-08,SKU_B,South,7
2024-03-08,SKU_B,East,4
2024-03-08,SKU_B,West,8
2024-03-08,SKU_C,North,5
2024-03-08,SKU_C,South,5
2024-03-08,SKU_C,East,4
2024-03-08,SKU_C,West,5
2024-03-08,SKU_D,North,2
2024-03-08,SKU_D,South,3
2024-03-08,SKU_D,East,7
2024-03-08,SKU_D,West,5
2024-03-08,SKU_E,North,6
2024-03-08,SKU_E,South,7
2024-03-08,SKU_E,East,2
2024-03-08,SKU_E,West,7
2024-03-09,SKU_A,North,5
2024-03-09,SKU_A,South,5
2024-03-09,SKU_A,East,7
2024-03-09,SKU_A,West,6
2024-03-09,SKU_B,North,5
2024-03-09,SKU_B,South,0
2024-03-09,SKU_B,East,7
2024-03-09,SKU_B,West,5
2024-03-09,SKU_C,North,5
2024-03-09,SKU_C,South,6
2024-03-09,SKU_C,East,8
2024-03-09,SKU_C,West,4
2024-03-09,SKU_D,North,6
2024-03-09,SKU_D,South,4
2024-03-09,SKU_D,East,1
2024-03-09,SKU_D,West,3
2024-03-09,SKU_E,North,4
2024-03-09,SKU_E,South,5
2024-03-09,SKU_E,East,4
2024-03-09,SKU_E,West,5
2024-03-10,SKU_A,North,2
2024-03-10,SKU_A,South,2
2024-03-10,SKU_A,East,5
2024-03-10,SKU_A,West,5
2024-03-10,SKU_B,North,5
2024-03-10,SKU_B,South,6
2024-03-10,SKU_B,East,4
2024-03-10,SKU_B,West,9
2024-03-10,SKU_C,North,7
2024-03-10,SKU_C,South,2
2024-03-10,SKU_C,East,3
2024-03-10,SKU_C,West,4
2024-03-10,SKU_D,North,6
2024-03-10,SKU_D,South,7
2024-03-10,SKU_D,East,4
2024-03-10,SKU_D,West,5
2024-03-10,SKU_E,North,5
2024-03-10,SKU_E,South,3
2024-03-10,SKU_E,East,3
2024-03-10,SKU_E,West,7
2024-03-11,SKU_A,North,3
2024-03-11,SKU_A,South,8
2024-03-11,SKU_A,East,8
2024-03-11,SKU_A,West,5
2024-03-11,SKU_B,North,5
2024-03-11,SKU_B,South,3
2024-03-11,SKU_B,East,3
2024-03-11,SKU_B,West,6
2024-03-11,SKU_C,North,5
2024-03-11,SKU_C,South,4
2024-03-11,SKU_C,East,6
2024-03-11,SKU_C,West,3
2024-03-11,SKU_D,North,12
2024-03-11,SKU_D,South,1
2024-03-11,SKU_D,East,6
2024-03-11,SKU_D,West,1
2024-03-11,SKU_E,North,6
2024-03-11,SKU_E,South,1
2024-03-11,SKU_E,East,4
2024-03-11,SKU_E,West,3
2024-03-12,SKU_A,North,3
2024-03-12,SKU_A,South,5
2024-03-12,SKU_A,East,5
2024-03-12,SKU_A,West,5
2024-03-12,SKU_B,North,9
2024-03-12,SKU_B,South,3
2024-03-12,SKU_B,East,3
2024-03-12,SKU_B,West,6
2024-03-12,SKU_C,North,6
2024-03-12,SKU_C,South,3
2024-03-12,SKU_C,East,7
2024-03-12,SKU_C,West,4
2024-03-12,SKU_D,North,1
2024-03-12,SKU_D,South,7
2024-03-12,SKU_D,East,7
2024-03-12,SKU_D,West,2
2024-03-12,SKU_E,North,5
2024-03-12,SKU_E,South,6
2024-03-12,SKU_E,East,9
2024-03-12,SKU_E,West,3
2024-03-13,SKU_A,North,4
2024-03-13,SKU_A,South,10
2024-03-13,SKU_A,East,4
2024-03-13,SKU_A,West,4
2024-03-13,SKU_B,North,4
2024-03-13,SKU_B,South,7
2024-03-13,SKU_B,East,8
2024-03-13,SKU_B,West,6
2024-03-13,SKU_C,North,6
2024-03-13,SKU_C,South,3
2024-03-13,SKU_C,East,5
2024-03-13,SKU_C,West,6
2024-03-13,SKU_D,North,2
2024-03-13,SKU_D,South,8
2024-03-13,SKU_D,East,5
2024-03-13,SKU_D,West,4
2024-03-13,SKU_E,North,4
2024-03-13,SKU_E,South,2
2024-03-13,SKU_E,East,5
2024-03-13,SKU_E,West,5
2024-03-14,SKU_A,North,4
2024-03-14,SKU_A,South,2
2024-03-14,SKU_A,East,4
2024-03-14,SKU_A,West,4
2024-03-14,SKU_B,North,1
2024-03-14,SKU_B,South,8
2024-03-14,SKU_B,East,4
2024-03-14,SKU_B,West,10
2024-03-14,SKU_C,North,6
2024-03-14,SKU_C,South,3
2024-03-14,SKU_C,East,6
2024-03-14,SKU_C,West,4
2024-03-14,SKU_D,North,3
2024-03-14,SKU_D,South,2
2024-03-14,SKU_D,East,3
2024-03-14,SKU_D,West,5
2024-03-14,SKU_E,North,3
2024-03-14,SKU_E,South,4
2024-03-14,SKU_E,East,3
2024-03-14,SKU_E,West,6
2024-03-15,SKU_A,North,5
2024-03-15,SKU_A,South,5
2024-03-15,SKU_A,East,4
2024-03-15,SKU_A,West,4
2024-03-15,SKU_B,North,6
2024-03-15,SKU_B,South,4
2024-03-15,SKU_B,East,6
2024-03-15,SKU_B,West,4
2024-03-15,SKU_C,North,5
2024-03-15,SKU_C,South,5
2024-03-15,SKU_C,East,4
2024-03-15,SKU_C,West,5
2024-03-15,SKU_D,North,3
2024-03-15,SKU_D,South,4
2024-03-15,SKU_D,East,6
2024-03-15,SKU_D,West,6
2024-03-15,SKU_E,North,1
2024-03-15,SKU_E,South,3
2024-03-15,SKU_E,East,4
2024-03-15,SKU_E,West,6
2024-03-16,SKU_A,North,4
2024-03-16,SKU_A,South,3
2024-03-16,SKU_A,East,14
2024-03-16,SKU_A,West,5
2024-03-16,SKU_B,North,4
2024-03-16,SKU_B,South,5
2024-03-16,SKU_B,East,5
2024-03-16,SKU_B,West,7
2024-03-16,SKU_C,North,7
2024-03-16,SKU_C,South,7
2024-03-16,SKU_C,East,2
2024-03-16,SKU_C,West,5
2024-03-16,SKU_D,North,3
2024-03-16,SKU_D,South,7
2024-03-16,SKU_D,East,2
2024-03-16,SKU_D,West,6
2024-03-16,SKU_E,North,4
2024-03-16,SKU_E,South,8
2024-03-16,SKU_E,East,5
2024-03-16,SKU_E,West,1
2024-03-17,SKU_A,North,2
2024-03-17,SKU_A,South,3
2024-03-17,SKU_A,East,6
2024-03-17,SKU_A,West,8
2024-03-17,SKU_B,North,4
2024-03-17,SKU_B,South,3
2024-03-17,SKU_B,East,6
2024-03-17,SKU_B,West,6
2024-03-17,SKU_C,North,8
2024-03-17,SKU_C,South,6
2024-03-17,SKU_C,East,6
2024-03-17,SKU_C,West,5
2024-03-17,SKU_D,North,4
2024-03-17,SKU_D,South,5
2024-03-17,SKU_D,East,5
2024-03-17,SKU_D,West,6
2024-03-17,SKU_E,North,11
2024-03-17,SKU_E,South,8
2024-03-17,SKU_E,East,7
2024-03-17,SKU_E,West,7
2024-03-18,SKU_A,North,4
2024-03-18,SKU_A,South,8
2024-03-18,SKU_A,East,6
2024-03-18,SKU_A,West,2
2024-03-18,SKU_B,North,4
2024-03-18,SKU_B,South,0
2024-03-18,SKU_B,East,6
2024-03-18,SKU_B,West,0
2024-03-18,SKU_C,North,7
2024-03-18,SKU_C,South,9
2024-03-18,SKU_C,East,7
2024-03-18,SKU_C,West,2
2024-03-18,SKU_D,North,4
2024-03-18,SKU_D,South,8
2024-03-18,SKU_D,East,5
2024-03-18,SKU_D,West,5
2024-03-18,SKU_E,North,6
2024-03-18,SKU_E,South,2
2024-03-18,SKU_E,East,4
2024-03-18,SKU_E,West,7
2024-03-19,SKU_A,North,3
2024-03-19,SKU_A,South,6
2024-03-19,SKU_A,East,2
2024-03-19,SKU_A,West,8
2024-03-19,SKU_B,North,10
2024-03-19,SKU_B,South,5
2024-03-19,SKU_B,East,4
2024-03-19,SKU_B,West,4
2024-03-19,SKU_C,North,8
2024-03-19,SKU_C,South,9
2024-03-19,SKU_C,East,7
2024-03-19,SKU_C,West,7
2024-03-19,SKU_D,North,3
2024-03-19,SKU_D,South,8
2024-03-19,SKU_D,East,7
2024-03-19,SKU_D,West,2
2024-03-19,SKU_E,North,5
2024-03-19,SKU_E,South,7
2024-03-19,SKU_E,East,6
2024-03-19,SKU_E,West,1
2024-03-20,SKU_A,North,3
2024-03-20,SKU_A,South,4
2024-03-20,SKU_A,East,4
2024-03-20,SKU_A,West,3
2024-03-20,SKU_B,North,7
2024-03-20,SKU_B,South,9
2024-03-20,SKU_B,East,4
2024-03-20,SKU_B,West,3
2024-03-20,SKU_C,North,4
2024-03-20,SKU_C,South,4
2024-03-20,SKU_C,East,6
2024-03-20,SKU_C,West,3
2024-03-20,SKU_D,North,10
2024-03-20,SKU_D,South,5
2024-03-20,SKU_D,East,5
2024-03-20,SKU_D,West,3
2024-03-20,SKU_E,North,2
2024-03-20,SKU_E,South,7
2024-03-20,SKU_E,East,5
2024-03-20,SKU_E,West,4
2024-03-21,SKU_A,North,6
2024-03-21,SKU_A,South,5
2024-03-21,SKU_A,East,4
2024-03-21,SKU_A,West,7
2024-03-21,SKU_B,North,4
2024-03-21,SKU_B,South,2
2024-03-21,SKU_B,East,3
2024-03-21,SKU_B,West,8
2024-03-21,SKU_C,North,5
2024-03-21,SKU_C,South,6
2024-03-21,SKU_C,East,2
2024-03-21,SKU_C,West,3
2024-03-21,SKU_D,North,3
2024-03-21,SKU_D,South,7
2024-03-21,SKU_D,East,5
2024-03-21,SKU_D,West,2
2024-03-21,SKU_E,North,2
2024-03-21,SKU_E,South,7
2024-03-21,SKU_E,East,8
2024-03-21,SKU_E,West,4
2024-03-22,SKU_A,North,4
2024-03-22,SKU_A,South,4
2024-03-22,SKU_A,East,3
2024-03-22,SKU_A,West,4
2024-03-22,SKU_B,North,6
2024-03-22,SKU_B,South,5
2024-03-22,SKU_B,East,5
2024-03-22,SKU_B,West,3
2024-03-22,SKU_C,North,6
2024-03-22,SKU_C,South,4
2024-03-22,SKU_C,East,2
2024-03-22,SKU_C,West,5
2024-03-22,SKU_D,North,7
2024-03-22,SKU_D,South,8
2024-03-22,SKU_D,East,0
2024-03-22,SKU_D,West,5
2024-03-22,SKU_E,North,4
2024-03-22,SKU_E,South,6
2024-03-22,SKU_E,East,4
2024-03-22,SKU_E,West,7
2024-03-23,SKU_A,North,2
2024-03-23,SKU_A,South,3
2024-03-23,SKU_A,East,3
2024-03-23,SKU_A,West,5
2024-03-23,SKU_B,North,6
2024-03-23,SKU_B,South,9
2024-03-23,SKU_B,East,6
2024-03-23,SKU_B,West,7
2024-03-23,SKU_C,North,2
2024-03-23,SKU_C,South,2
2024-03-23,SKU_C,East,8
2024-03-23,SKU_C,West,8
2024-03-23,SKU_D,North,8
2024-03-23,SKU_D,South,7
2024-03-23,SKU_D,East,6
2024-03-23,SKU_D,West,2
2024-03-23,SKU_E,North,7
2024-03-23,SKU_E,South,6
2024-03-23,SKU_E,East,5
2024-03-23,SKU_E,West,6
2024-03-24,SKU_A,North,4
2024-03-24,SKU_A,South,4
2024-03-24,SKU_A,East,4
2024-03-24,SKU_A,West,5
2024-03-24,SKU_B,North,4
2024-03-24,SKU_B,South,7
2024-03-24,SKU_B,East,2
2024-03-24,SKU_B,West,4
2024-03-24,SKU_C,North,1
2024-03-24,SKU_C,South,6
2024-03-24,SKU_C,East,1
2024-03-24,SKU_C,West,6
2024-03-24,SKU_D,North,6
2024-03-24,SKU_D,South,0
2024-03-24,SKU_D,East,6
2024-03-24,SKU_D,West,1
2024-03-24,SKU_E,North,4
2024-03-24,SKU_E,South,6
2024-03-24,SKU_E,East,7
2024-03-24,SKU_E,West,6
2024-03-25,SKU_A,North,3
2024-03-25,SKU_A,South,7
2024-03-25,SKU_A,East,6
2024-03-25,SKU_A,West,5
2024-03-25,SKU_B,North,7
2024-03-25,SKU_B,South,4
2024-03-25,SKU_B,East,7
2024-03-25,SKU_B,West,1
2024-03-25,SKU_C,North,2
2024-03-25,SKU_C,South,2
2024-03-25,SKU_C,East,6
2024-03-25,SKU_C,West,8
2024-03-25,SKU_D,North,6
2024-03-25,SKU_D,South,0
2024-03-25,SKU_D,East,10
2024-03-25,SKU_D,West,2
2024-03-25,SKU_E,North,5
2024-03-25,SKU_E,South,8
2024-03-25,SKU_E,East,5
2024-03-25,SKU_E,West,4
2024-03-26,SKU_A,North,3
2024-03-26,SKU_A,South,7
2024-03-26,SKU_A,East,7
2024-03-26,SKU_A,West,3
2024-03-26,SKU_B,North,3
2024-03-26,SKU_B,South,2
2024-03-26,SKU_B,East,2
2024-03-26,SKU_B,West,7
2024-03-26,SKU_C,North,4
2024-03-26,SKU_C,South,1
2024-03-26,SKU_C,East,3
2024-03-26,SKU_C,West,10
2024-03-26,SKU_D,North,3
2024-03-26,SKU_D,South,6
2024-03-26,SKU_D,East,4
2024-03-26,SKU_D,West,5
2024-03-26,SKU_E,North,3
2024-03-26,SKU_E,South,7
2024-03-26,SKU_E,East,5
2024-03-26,SKU_E,West,2
2024-03-27,SKU_A,North,6
2024-03-27,SKU_A,South,3
2024-03-27,SKU_A,East,2
2024-03-27,SKU_A,West,7
2024-03-27,SKU_B,North,6
2024-03-27,SKU_B,South,3
2024-03-27,SKU_B,East,5
2024-03-27,SKU_B,West,7
2024-03-27,SKU_C,North,4
2024-03-27,SKU_C,South,4
2024-03-27,SKU_C,East,3
2024-03-27,SKU_C,West,6
2024-03-27,SKU_D,North,4
2024-03-27,SKU_D,South,5
2024-03-27,SKU_D,East,7
2024-03-27,SKU_D,West,4
2024-03-27,SKU_E,North,3
2024-03-27,SKU_E,South,1
2024-03-27,SKU_E,East,5
2024-03-27,SKU_E,West,8
2024-03-28,SKU_A,North,5
2024-03-28,SKU_A,South,5
2024-03-28,SKU_A,East,3
2024-03-28,SKU_A,West,3
2024-03-28,SKU_B,North,6
2024-03-28,SKU_B,South,5
2024-03-28,SKU_B,East,7
2024-03-28,SKU_B,West,6
2024-03-28,SKU_C,North,8
2024-03-28,SKU_C,South,8
2024-03-28,SKU_C,East,8
2024-03-28,SKU_C,West,9
2024-03-28,SKU_D,North,5
2024-03-28,SKU_D,South,3
2024-03-28,SKU_D,East,4
2024-03-28,SKU_D,West,5
2024-03-28,SKU_E,North,6
2024-03-28,SKU_E,South,7
2024-03-28,SKU_E,East,4
2024-03-28,SKU_E,West,6
2024-03-29,SKU_A,North,13
2024-03-29,SKU_A,South,3
2024-03-29,SKU_A,East,7
2024-03-29,SKU_A,West,7
2024-03-29,SKU_B,North,2
2024-03-29,SKU_B,South,5
2024-03-29,SKU_B,East,2
2024-03-29,SKU_B,West,4
2024-03-29,SKU_C,North,3
2024-03-29,SKU_C,South,3
2024-03-29,SKU_C,East,1
2024-03-29,SKU_C,West,7
2024-03-29,SKU_D,North,4
2024-03-29,SKU_D,South,9
2024-03-29,SKU_D,East,4
2024-03-29,SKU_D,West,6
2024-03-29,SKU_E,North,3
2024-03-29,SKU_E,South,8
2024-03-29,SKU_E,East,6
2024-03-29,SKU_E,West,5
2024-03-30,SKU_A,North,3
2024-03-30,SKU_A,South,11
2024-03-30,SKU_A,East,7
2024-03-30,SKU_A,West,6
2024-03-30,SKU_B,North,6
2024-03-30,SKU_B,South,6
2024-03-30,SKU_B,East,6
2024-03-30,SKU_B,West,5
2024-03-30,SKU_C,North,8
2024-03-30,SKU_C,South,6
2024-03-30,SKU_C,East,8
2024-03-30,SKU_C,West,13
2024-03-30,SKU_D,North,4
2024-03-30,SKU_D,South,1
2024-03-30,SKU_D,East,4
2024-03-30,SKU_D,West,2
2024-03-30,SKU_E,North,7
2024-03-30,SKU_E,South,4
2024-03-30,SKU_E,East,5
2024-03-30,SKU_E,West,8
2024-03-31,SKU_A,North,6
2024-03-31,SKU_A,South,5
2024-03-31,SKU_A,East,2
2024-03-31,SKU_A,West,6
2024-03-31,SKU_B,North,5
2024-03-31,SKU_B,South,6
2024-03-31,SKU_B,East,3
2024-03-31,SKU_B,West,6
2024-03-31,SKU_C,North,6
2024-03-31,SKU_C,South,4
2024-03-31,SKU_C,East,7
2024-03-31,SKU_C,West,4
2024-03-31,SKU_D,North,0
2024-03-31,SKU_D,South,9
2024-03-31,SKU_D,East,1
2024-03-31,SKU_D,West,6
2024-03-31,SKU_E,North,4
2024-03-31,SKU_E,South,5
2024-03-31,SKU_E,East,6
2024-03-31,SKU_E,West,8
2024-04-01,SKU_A,North,4
2024-04-01,SKU_A,South,5
2024-04-01,SKU_A,East,10
2024-04-01,SKU_A,West,5
2024-04-01,SKU_B,North,7
2024-04-01,SKU_B,South,6
2024-04-01,SKU_B,East,4
2024-04-01,SKU_B,West,3
2024-04-01,SKU_C,North,5
2024-04-01,SKU_C,South,4
2024-04-01,SKU_C,East,4
2024-04-01,SKU_C,West,5
2024-04-01,SKU_D,North,2
2024-04-01,SKU_D,South,7
2024-04-01,SKU_D,East,3
2024-04-01,SKU_D,West,5
2024-04-01,SKU_E,North,6
2024-04-01,SKU_E,South,8
2024-04-01,SKU_E,East,5
2024-04-01,SKU_E,West,3
2024-04-02,SKU_A,North,3
2024-04-02,SKU_A,South,5
2024-04-02,SKU_A,East,7
2024-04-02,SKU_A,West,5
2024-04-02,SKU_B,North,5
2024-04-02,SKU_B,South,10
2024-04-02,SKU_B,East,2
2024-04-02,SKU_B,West,6
2024-04-02,SKU_C,North,7
2024-04-02,SKU_C,South,4
2024-04-02,SKU_C,East,11
2024-04-02,SKU_C,West,5
2024-04-02,SKU_D,North,4
2024-04-02,SKU_D,South,1
2024-04-02,SKU_D,East,11
2024-04-02,SKU_D,West,3
2024-04-02,SKU_E,North,2
2024-04-02,SKU_E,South,7
2024-04-02,SKU_E,East,5
2024-04-02,SKU_E,West,1
2024-04-03,SKU_A,North,6
2024-04-03,SKU_A,South,4
2024-04-03,SKU_A,East,9
2024-04-03,SKU_A,West,4
2024-04-03,SKU_B,North,9
2024-04-03,SKU_B,South,5
2024-04-03,SKU_B,East,2
2024-04-03,SKU_B,West,8
2024-04-03,SKU_C,North,2
2024-04-03,SKU_C,South,7
2024-04-03,SKU_C,East,9
2024-04-03,SKU_C,West,3
2024-04-03,SKU_D,North,3
2024-04-03,SKU_D,South,6
2024-04-03,SKU_D,East,7
2024-04-03,SKU_D,West,2
2024-04-03,SKU_E,North,9
2024-04-03,SKU_E,South,5
2024-04-03,SKU_E,East,5
2024-04-03,SKU_E,West,3
2024-04-04,SKU_A,North,6
2024-04-04,SKU_A,South,6
2024-04-04,SKU_A,East,4
2024-04-04,SKU_A,West,6
2024-04-04,SKU_B,North,8
2024-04-04,SKU_B,South,4
2024-04-04,SKU_B,East,6
2024-04-04,SKU_B,West,4
2024-04-04,SKU_C,North,9
2024-04-04,SKU_C,South,5
2024-04-04,SKU_C,East,7
2024-04-04,SKU_C,West,2
2024-04-04,SKU_D,North,4
2024-04-04,SKU_D,South,4
2024-04-04,SKU_D,East,7
2024-04-04,SKU_D,West,3
2024-04-04,SKU_E,North,4
2024-04-04,SKU_E,South,3
2024-04-04,SKU_E,East,3
2024-04-04,SKU_E,West,2
2024-04-05,SKU_A,North,10
2024-04-05,SKU_A,South,3
2024-04-05,SKU_A,East,2
2024-04-05,SKU_A,West,6
2024-04-05,SKU_B,North,4
2024-04-05,SKU_B,South,6
2024-04-05,SKU_B,East,2
2024-04-05,SKU_B,West,4
2024-04-05,SKU_C,North,9
2024-04-05,SKU_C,South,10
2024-04-05,SKU_C,East,5
2024-04-05,SKU_C,West,2
2024-04-05,SKU_D,North,3
2024-04-05,SKU_D,South,7
2024-04-05,SKU_D,East,6
2024-04-05,SKU_D,West,4
2024-04-05,SKU_E,North,2
2024-04-05,SKU_E,South,7
2024-04-05,SKU_E,East,6
2024-04-05,SKU_E,West,7
2024-04-06,SKU_A,North,7
2024-04-06,SKU_A,South,3
2024-04-06,SKU_A,East,3
2024-04-06,SKU_A,West,4
2024-04-06,SKU_B,North,5
2024-04-06,SKU_B,South,2
2024-04-06,SKU_B,East,4
2024-04-06,SKU_B,West,7
2024-04-06,SKU_C,North,5
2024-04-06,SKU_C,South,6
2024-04-06,SKU_C,East,4
2024-04-06,SKU_C,West,9
2024-04-06,SKU_D,North,2
2024-04-06,SKU_D,South,6
2024-04-06,SKU_D,East,4
2024-04-06,SKU_D,West,3
2024-04-06,SKU_E,North,6
2024-04-06,SKU_E,South,7
2024-04-06,SKU_E,East,8
2024-04-06,SKU_E,West,9
2024-04-07,SKU_A,North,5
2024-04-07,SKU_A,South,4
2024-04-07,SKU_A,East,3
2024-04-07,SKU_A,West,7
2024-04-07,SKU_B,North,4
2024-04-07,SKU_B,South,8
2024-04-07,SKU_B,East,8
2024-04-07,SKU_B,West,1
2024-04-07,SKU_C,North,5
2024-04-07,SKU_C,South,4
2024-04-07,SKU_C,East,3
2024-04-07,SKU_C,West,2
2024-04-07,SKU_D,North,8
2024-04-07,SKU_D,South,8
2024-04-07,SKU_D,East,3
2024-04-07,SKU_D,West,4
2024-04-07,SKU_E,North,12
2024-04-07,SKU_E,South,3
2024-04-07,SKU_E,East,3
2024-04-07,SKU_E,West,4
2024-04-08,SKU_A,North,3
2024-04-08,SKU_A,South,4
2024-04-08,SKU_A,East,6
2024-04-08,SKU_A,West,4
2024-04-08,SKU_B,North,3
2024-04-08,SKU_B,South,8
2024-04-08,SKU_B,East,2
2024-04-08,SKU_B,West,3
2024-04-08,SKU_C,North,7
2024-04-08,SKU_C,South,3
2024-04-08,SKU_C,East,7
2024-04-08,SKU_C,West,5
2024-04-08,SKU_D,North,2
2024-04-08,SKU_D,South,9
2024-04-08,SKU_D,East,4
2024-04-08,SKU_D,West,3
2024-04-08,SKU_E,North,1
2024-04-08,SKU_E,South,2
2024-04-08,SKU_E,East,6
2024-04-08,SKU_E,West,10
2024-04-09,SKU_A,North,6
2024-04-09,SKU_A,South,6
2024-04-09,SKU_A,East,2
2024-04-09,SKU_A,West,4
2024-04-09,SKU_B,North,5
2024-04-09,SKU_B,South,8
2024-04-09,SKU_B,East,5
2024-04-09,SKU_B,West,3
2024-04-09,SKU_C,North,1
2024-04-09,SKU_C,South,7
2024-04-09,SKU_C,East,7
2024-04-09,SKU_C,West,4
2024-04-09,SKU_D,North,4
2024-04-09,SKU_D,South,4
2024-04-09,SKU_D,East,9
2024-04-09,SKU_D,West,1
2024-04-09,SKU_E,North,3
2024-04-09,SKU_E,South,4
2024-04-09,SKU_E,East,3
2024-04-09,SKU_E,West,3
2024-04-10,SKU_A,North,8
2024-04-10,SKU_A,South,11
2024-04-10,SKU_A,East,4
2024-04-10,SKU_A,West,2
2024-04-10,SKU_B,North,3
2024-04-10,SKU_B,South,4
2024-04-10,SKU_B,East,2
2024-04-10,SKU_B,West,7
2024-04-10,SKU_C,North,2
2024-04-10,SKU_C,South,11
2024-04-10,SKU_C,East,5
2024-04-10,SKU_C,West,5
2024-04-10,SKU_D,North,4
2024-04-10,SKU_D,South,4
2024-04-10,SKU_D,East,4
2024-04-10,SKU_D,West,3
2024-04-10,SKU_E,North,5
2024-04-10,SKU_E,South,9
2024-04-10,SKU_E,East,5
2024-04-10,SKU_E,West,2
2024-04-11,SKU_A,North,6
2024-04-11,SKU_A,South,7
2024-04-11,SKU_A,East,5
2024-04-11,SKU_A,West,7
2024-04-11,SKU_B,North,7
2024-04-11,SKU_B,South,8
2024-04-11,SKU_B,East,7
2024-04-11,SKU_B,West,3
2024-04-11,SKU_C,North,4
2024-04-11,SKU_C,South,4
2024-04-11,SKU_C,East,3
2024-04-11,SKU_C,West,7
2024-04-11,SKU_D,North,7
2024-04-11,SKU_D,South,3
2024-04-11,SKU_D,East,7
2024-04-11,SKU_D,West,8
2024-04-11,SKU_E,North,3
2024-04-11,SKU_E,South,4
2024-04-11,SKU_E,East,7
2024-04-11,SKU_E,West,1
2024-04-12,SKU_A,North,4
2024-04-12,SKU_A,South,2
2024-04-12,SKU_A,East,2
2024-04-12,SKU_A,West,5
2024-04-12,SKU_B,North,6
2024-04-12,SKU_B,South,5
2024-04-12,SKU_B,East,4
2024-04-12,SKU_B,West,5
2024-04-12,SKU_C,North,7
2024-04-12,SKU_C,South,4
2024-04-12,SKU_C,East,2
2024-04-12,SKU_C,West,9
2024-04-12,SKU_D,North,4
2024-04-12,SKU_D,South,3
2024-04-12,SKU_D,East,4
2024-04-12,SKU_D,West,4
2024-04-12,SKU_E,North,6
2024-04-12,SKU_E,South,4
2024-04-12,SKU_E,East,6
2024-04-12,SKU_E,West,9
2024-04-13,SKU_A,North,3
2024-04-13,SKU_A,South,3
2024-04-13,SKU_A,East,8
2024-04-13,SKU_A,West,6
2024-04-13,SKU_B,North,1
2024-04-13,SKU_B,South,7
2024-04-13,SKU_B,East,5
2024-04-13,SKU_B,West,7
2024-04-13,SKU_C,North,5
2024-04-13,SKU_C,South,2
2024-04-13,SKU_C,East,6
2024-04-13,SKU_C,West,7
2024-04-13,SKU_D,North,5
2024-04-13,SKU_D,South,6
2024-04-13,SKU_D,East,5
2024-04-13,SKU_D,West,6
2024-04-13,SKU_E,North,3
2024-04-13,SKU_E,South,4
2024-04-13,SKU_E,East,5
2024-04-13,SKU_E,West,8
2024-04-14,SKU_A,North,10
2024-04-14,SKU_A,South,5
2024-04-14,SKU_A,East,3
2024-04-14,SKU_A,West,7
2024-04-14,SKU_B,North,2
2024-04-14,SKU_B,South,6
2024-04-14,SKU_B,East,6
2024-04-14,SKU_B,West,6
2024-04-14,SKU_C,North,5
2024-04-14,SKU_C,South,0
2024-04-14,SKU_C,East,6
2024-04-14,SKU_C,West,4
2024-04-14,SKU_D,North,6
2024-04-14,SKU_D,South,3
2024-04-14,SKU_D,East,6
2024-04-14,SKU_D,West,3
2024-04-14,SKU_E,North,5
2024-04-14,SKU_E,South,2
2024-04-14,SKU_E,East,4
2024-04-14,SKU_E,West,7
2024-04-15,SKU_A,North,6
2024-04-15,SKU_A,South,7
2024-04-15,SKU_A,East,6
2024-04-15,SKU_A,West,2
2024-04-15,SKU_B,North,0
2024-04-15,SKU_B,South,4
2024-04-15,SKU_B,East,5
2024-04-15,SKU_B,West,2
2024-04-15,SKU_C,North,3
2024-04-15,SKU_C,South,6
2024-04-15,SKU_C,East,9
2024-04-15,SKU_C,West,6
2024-04-15,SKU_D,North,4
2024-04-15,SKU_D,South,2
2024-04-15,SKU_D,East,6
2024-04-15,SKU_D,West,7
2024-04-15,SKU_E,North,2
2024-04-15,SKU_E,South,6
2024-04-15,SKU_E,East,8
2024-04-15,SKU_E,West,4
2024-04-16,SKU_A,North,6
2024-04-16,SKU_A,South,6
2024-04-16,SKU_A,East,1
2024-04-16,SKU_A,West,7
2024-04-16,SKU_B,North,6
2024-04-16,SKU_B,South,5
2024-04-16,SKU_B,East,3
2024-04-16,SKU_B,West,7
2024-04-16,SKU_C,North,4
2024-04-16,SKU_C,South,2
2024-04-16,SKU_C,East,7
2024-04-16,SKU_C,West,5
2024-04-16,SKU_D,North,8
2024-04-16,SKU_D,South,7
2024-04-16,SKU_D,East,5
2024-04-16,SKU_D,West,4
2024-04-16,SKU_E,North,3
2024-04-16,SKU_E,South,9
2024-04-16,SKU_E,East,4
2024-04-16,SKU_E,West,8
2024-04-17,SKU_A,North,4
2024-04-17,SKU_A,South,2
2024-04-17,SKU_A,East,2
2024-04-17,SKU_A,West,5
2024-04-17,SKU_B,North,8
2024-04-17,SKU_B,South,5
2024-04-17,SKU_B,East,6
2024-04-17,SKU_B,West,3
2024-04-17,SKU_C,North,5
2024-04-17,SKU_C,South,8
2024-04-17,SKU_C,East,4
2024-04-17,SKU_C,West,5
2024-04-17,SKU_D,North,1
2024-04-17,SKU_D,South,5
2024-04-17,SKU_D,East,6
2024-04-17,SKU_D,West,3
2024-04-17,SKU_E,North,6
2024-04-17,SKU_E,South,5
2024-04-17,SKU_E,East,5
2024-04-17,SKU_E,West,6
2024-04-18,SKU_A,North,6
2024-04-18,SKU_A,South,7
2024-04-18,SKU_A,East,6
2024-04-18,SKU_A,West,5
2024-04-18,SKU_B,North,6
2024-04-18,SKU_B,South,6
2024-04-18,SKU_B,East,5
2024-04-18,SKU_B,West,10
2024-04-18,SKU_C,North,4
2024-04-18,SKU_C,South,8
2024-04-18,SKU_C,East,6
2024-04-18,SKU_C,West,4
2024-04-18,SKU_D,North,5
2024-04-18,SKU_D,South,4
2024-04-18,SKU_D,East,6
2024-04-18,SKU_D,West,2
2024-04-18,SKU_E,North,2
2024-04-18,SKU_E,South,9
2024-04-18,SKU_E,East,1
2024-04-18,SKU_E,West,3
2024-04-19,SKU_A,North,4
2024-04-19,SKU_A,South,3
2024-04-19,SKU_A,East,2
2024-04-19,SKU_A,West,6
2024-04-19,SKU_B,North,2
2024-04-19,SKU_B,South,7
2024-04-19,SKU_B,East,10
2024-04-19,SKU_B,West,1
2024-04-19,SKU_C,North,2
2024-04-19,SKU_C,South,4
2024-04-19,SKU_C,East,4
2024-04-19,SKU_C,West,8
2024-04-19,SKU_D,North,6
2024-04-19,SKU_D,South,2
2024-04-19,SKU_D,East,6
2024-04-19,SKU_D,West,8
2024-04-19,SKU_E,North,8
2024-04-19,SKU_E,South,2
2024-04-19,SKU_E,East,5
2024-04-19,SKU_E,West,4
2024-04-20,SKU_A,North,3
2024-04-20,SKU_A,South,8
2024-04-20,SKU_A,East,3
2024-04-20,SKU_A,West,7
2024-04-20,SKU_B,North,2
2024-04-20,SKU_B,South,1
2024-04-20,SKU_B,East,5
2024-04-20,SKU_B,West,4
2024-04-20,SKU_C,North,4
2024-04-20,SKU_C,South,4
2024-04-20,SKU_C,East,3
2024-04-20,SKU_C,West,0
2024-04-20,SKU_D,North,2
2024-04-20,SKU_D,South,3
2024-04-20,SKU_D,East,4
2024-04-20,SKU_D,West,2
2024-04-20,SKU_E,North,6
2024-04-20,SKU_E,South,5
2024-04-20,SKU_E,East,1
2024-04-20,SKU_E,West,8
2024-04-21,SKU_A,North,6
2024-04-21,SKU_A,South,1
2024-04-21,SKU_A,East,9
2024-04-21,SKU_A,West,3
2024-04-21,SKU_B,North,9
2024-04-21,SKU_B,South,4
2024-04-21,SKU_B,East,3
2024-04-21,SKU_B,West,7
2024-04-21,SKU_C,North,5
2024-04-21,SKU_C,South,6
2024-04-21,SKU_C,East,3
2024-04-21,SKU_C,West,7
2024-04-21,SKU_D,North,5
2024-04-21,SKU_D,South,8
2024-04-21,SKU_D,East,7
2024-04-21,SKU_D,West,3
2024-04-21,SKU_E,North,5
2024-04-21,SKU_E,South,9
2024-04-21,SKU_E,East,5
2024-04-21,SKU_E,West,6
2024-04-22,SKU_A,North,4
2024-04-22,SKU_A,South,6
2024-04-22,SKU_A,East,6
2024-04-22,SKU_A,West,5
2024-04-22,SKU_B,North,6
2024-04-22,SKU_B,South,4
2024-04-22,SKU_B,East,4
2024-04-22,SKU_B,West,7
2024-04-22,SKU_C,North,7
2024-04-22,SKU_C,South,5
2024-04-22,SKU_C,East,3
2024-04-22,SKU_C,West,3
2024-04-22,SKU_D,North,3
2024-04-22,SKU_D,South,2
2024-04-22,SKU_D,East,6
2024-04-22,SKU_D,West,3
2024-04-22,SKU_E,North,3
2024-04-22,SKU_E,South,11
2024-04-22,SKU_E,East,4
2024-04-22,SKU_E,West,10
2024-04-23,SKU_A,North,8
2024-04-23,SKU_A,South,3
2024-04-23,SKU_A,East,7
2024-04-23,SKU_A,West,5
2024-04-23,SKU_B,North,3
2024-04-23,SKU_B,South,5
2024-04-23,SKU_B,East,6
2024-04-23,SKU_B,West,5
2024-04-23,SKU_C,North,5
2024-04-23,SKU_C,South,2
2024-04-23,SKU_C,East,6
2024-04-23,SKU_C,West,5
2024-04-23,SKU_D,North,4
2024-04-23,SKU_D,South,7
2024-04-23,SKU_D,East,5
2024-04-23,SKU_D,West,6
2024-04-23,SKU_E,North,6
2024-04-23,SKU_E,South,6
2024-04-23,SKU_E,East,3
2024-04-23,SKU_E,West,5
2024-04-24,SKU_A,North,4
2024-04-24,SKU_A,South,8
2024-04-24,SKU_A,East,3
2024-04-24,SKU_A,West,2
2024-04-24,SKU_B,North,1
2024-04-24,SKU_B,South,7
2024-04-24,SKU_B,East,3
2024-04-24,SKU_B,West,2
2024-04-24,SKU_C,North,4
2024-04-24,SKU_C,South,6
2024-04-24,SKU_C,East,2
2024-04-24,SKU_C,West,7
2024-04-24,SKU_D,North,4
2024-04-24,SKU_D,South,10
2024-04-24,SKU_D,East,8
2024-04-24,SKU_D,West,6
2024-04-24,SKU_E,North,7
2024-04-24,SKU_E,South,3
2024-04-24,SKU_E,East,4
2024-04-24,SKU_E,West,8
2024-04-25,SKU_A,North,5
2024-04-25,SKU_A,South,4
2024-04-25,SKU_A,East,4
2024-04-25,SKU_A,West,5
2024-04-25,SKU_B,North,5
2024-04-25,SKU_B,South,4
2024-04-25,SKU_B,East,3
2024-04-25,SKU_B,West,6
2024-04-25,SKU_C,North,8
2024-04-25,SKU_C,South,5
2024-04-25,SKU_C,East,5
2024-04-25,SKU_C,West,3
2024-04-25,SKU_D,North,5
2024-04-25,SKU_D,South,5
2024-04-25,SKU_D,East,10
2024-04-25,SKU_D,West,4
2024-04-25,SKU_E,North,4
2024-04-25,SKU_E,South,9
2024-04-25,SKU_E,East,5
2024-04-25,SKU_E,West,4
2024-04-26,SKU_A,North,2
2024-04-26,SKU_A,South,4
2024-04-26,SKU_A,East,4
2024-04-26,SKU_A,West,5
2024-04-26,SKU_B,North,2
2024-04-26,SKU_B,South,8
2024-04-26,SKU_B,East,3
2024-04-26,SKU_B,West,5
2024-04-26,SKU_C,North,4
2024-04-26,SKU_C,South,5
2024-04-26,SKU_C,East,7
2024-04-26,SKU_C,West,6
2024-04-26,SKU_D,North,7
2024-04-26,SKU_D,South,3
2024-04-26,SKU_D,East,8
2024-04-26,SKU_D,West,3
2024-04-26,SKU_E,North,6
2024-04-26,SKU_E,South,6
2024-04-26,SKU_E,East,6
2024-04-26,SKU_E,West,3
2024-04-27,SKU_A,North,1
2024-04-27,SKU_A,South,6
2024-04-27,SKU_A,East,5
2024-04-27,SKU_A,West,2
2024-04-27,SKU_B,North,4
2024-04-27,SKU_B,South,10
2024-04-27,SKU_B,East,3
2024-04-27,SKU_B,West,11
2024-04-27,SKU_C,North,2
2024-04-27,SKU_C,South,3
2024-04-27,SKU_C,East,3
2024-04-27,SKU_C,West,2
2024-04-27,SKU_D,North,3
2024-04-27,SKU_D,South,6
2024-04-27,SKU_D,East,6
2024-04-27,SKU_D,West,7
2024-04-27,SKU_E,North,3
2024-04-27,SKU_E,South,5
2024-04-27,SKU_E,East,2
2024-04-27,SKU_E,West,5
2024-04-28,SKU_A,North,4
2024-04-28,SKU_A,South,1
2024-04-28,SKU_A,East,3
2024-04-28,SKU_A,West,3
2024-04-28,SKU_B,North,8
2024-04-28,SKU_B,South,10
2024-04-28,SKU_B,East,4
2024-04-28,SKU_B,West,5
2024-04-28,SKU_C,North,6
2024-04-28,SKU_C,South,3
2024-04-28,SKU_C,East,11
2024-04-28,SKU_C,West,5
2024-04-28,SKU_D,North,5
2024-04-28,SKU_D,South,3
2024-04-28,SKU_D,East,7
2024-04-28,SKU_D,West,2
2024-04-28,SKU_E,North,5
2024-04-28,SKU_E,South,4
2024-04-28,SKU_E,East,6
2024-04-28,SKU_E,West,4
2024-04-29,SKU_A,North,5
2024-04-29,SKU_A,South,3
2024-04-29,SKU_A,East,5
2024-04-29,SKU_A,West,6
2024-04-29,SKU_B,North,3
2024-04-29,SKU_B,South,7
2024-04-29,SKU_B,East,4
2024-04-29,SKU_B,West,2
2024-04-29,SKU_C,North,12
2024-04-29,SKU_C,South,4
2024-04-29,SKU_C,East,2
2024-04-29,SKU_C,West,7
2024-04-29,SKU_D,North,1
2024-04-29,SKU_D,South,0
2024-04-29,SKU_D,East,3
2024-04-29,SKU_D,West,10
2024-04-29,SKU_E,North,2
2024-04-29,SKU_E,South,9
2024-04-29,SKU_E,East,3
2024-04-29,SKU_E,West,6
2024-04-30,SKU_A,North,5
2024-04-30,SKU_A,South,3
2024-04-30,SKU_A,East,8
2024-04-30,SKU_A,West,4
2024-04-30,SKU_B,North,5
2024-04-30,SKU_B,South,4
2024-04-30,SKU_B,East,4
2024-04-30,SKU_B,West,3
2024-04-30,SKU_C,North,5
2024-04-30,SKU_C,South,3
2024-04-30,SKU_C,East,7
2024-04-30,SKU_C,West,2
2024-04-30,SKU_D,North,7
2024-04-30,SKU_D,South,4
2024-04-30,SKU_D,East,3
2024-04-30,SKU_D,West,3
2024-04-30,SKU_E,North,8
2024-04-30,SKU_E,South,10
2024-04-30,SKU_E,East,5
2024-04-30,SKU_E,West,8
2024-05-01,SKU_A,North,1
2024-05-01,SKU_A,South,6
2024-05-01,SKU_A,East,2
2024-05-01,SKU_A,West,4
2024-05-01,SKU_B,North,4
2024-05-01,SKU_B,South,8
2024-05-01,SKU_B,East,7
2024-05-01,SKU_B,West,4
2024-05-01,SKU_C,North,7
2024-05-01,SKU_C,South,5
2024-05-01,SKU_C,East,7
2024-05-01,SKU_C,West,3
2024-05-01,SKU_D,North,4
2024-05-01,SKU_D,South,8
2024-05-01,SKU_D,East,7
2024-05-01,SKU_D,West,2
2024-05-01,SKU_E,North,2
2024-05-01,SKU_E,South,6
2024-05-01,SKU_E,East,8
2024-05-01,SKU_E,West,4
2024-05-02,SKU_A,North,6
2024-05-02,SKU_A,South,8
2024-05-02,SKU_A,East,6
2024-05-02,SKU_A,West,4
2024-05-02,SKU_B,North,6
2024-05-02,SKU_B,South,6
2024-05-02,SKU_B,East,4
2024-05-02,SKU_B,West,4
2024-05-02,SKU_C,North,5
2024-05-02,SKU_C,South,9
2024-05-02,SKU_C,East,5
2024-05-02,SKU_C,West,6
2024-05-02,SKU_D,North,9
2024-05-02,SKU_D,South,3
2024-05-02,SKU_D,East,10
2024-05-02,SKU_D,West,7
2024-05-02,SKU_E,North,6
2024-05-02,SKU_E,South,5
2024-05-02,SKU_E,East,5
2024-05-02,SKU_E,West,9
2024-05-03,SKU_A,North,7
2024-05-03,SKU_A,South,7
2024-05-03,SKU_A,East,5
2024-05-03,SKU_A,West,2
2024-05-03,SKU_B,North,5
2024-05-03,SKU_B,South,4
2024-05-03,SKU_B,East,7
2024-05-03,SKU_B,West,3
2024-05-03,SKU_C,North,3
2024-05-03,SKU_C,South,6
2024-05-03,SKU_C,East,3
2024-05-03,SKU_C,West,5
2024-05-03,SKU_D,North,3
2024-05-03,SKU_D,South,8
2024-05-03,SKU_D,East,3
2024-05-03,SKU_D,West,7
2024-05-03,SKU_E,North,5
2024-05-03,SKU_E,South,6
2024-05-03,SKU_E,East,4
2024-05-03,SKU_E,West,6
2024-05-04,SKU_A,North,7
2024-05-04,SKU_A,South,10
2024-05-04,SKU_A,East,7
2024-05-04,SKU_A,West,6
2024-05-04,SKU_B,North,4
2024-05-04,SKU_B,South,6
2024-05-04,SKU_B,East,2
2024-05-04,SKU_B,West,2
2024-05-04,SKU_C,North,3
2024-05-04,SKU_C,South,9
2024-05-04,SKU_C,East,4
2024-05-04,SKU_C,West,7
2024-05-04,SKU_D,North,8
2024-05-04,SKU_D,South,6
2024-05-04,SKU_D,East,3
2024-05-04,SKU_D,West,6
2024-05-04,SKU_E,North,3
2024-05-04,SKU_E,South,7
2024-05-04,SKU_E,East,6
2024-05-04,SKU_E,West,2
2024-05-05,SKU_A,North,1
2024-05-05,SKU_A,South,2
2024-05-05,SKU_A,East,5
2024-05-05,SKU_A,West,4
2024-05-05,SKU_B,North,5
2024-05-05,SKU_B,South,8
2024-05-05,SKU_B,East,4
2024-05-05,SKU_B,West,6
2024-05-05,SKU_C,North,3
2024-05-05,SKU_C,South,4
2024-05-05,SKU_C,East,8
2024-05-05,SKU_C,West,5
2024-05-05,SKU_D,North,7
2024-05-05,SKU_D,South,2
2024-05-05,SKU_D,East,5
2024-05-05,SKU_D,West,10
2024-05-05,SKU_E,North,4
2024-05-05,SKU_E,South,5
2024-05-05,SKU_E,East,3
2024-05-05,SKU_E,West,3
2024-05-06,SKU_A,North,8
2024-05-06,SKU_A,South,3
2024-05-06,SKU_A,East,7
2024-05-06,SKU_A,West,8
2024-05-06,SKU_B,North,4
2024-05-06,SKU_B,South,5
2024-05-06,SKU_B,East,6
2024-05-06,SKU_B,West,1
2024-05-06,SKU_C,North,2
2024-05-06,SKU_C,South,3
2024-05-06,SKU_C,East,4
2024-05-06,SKU_C,West,4
2024-05-06,SKU_D,North,4
2024-05-06,SKU_D,South,3
2024-05-06,SKU_D,East,5
2024-05-06,SKU_D,West,5
2024-05-06,SKU_E,North,2
2024-05-06,SKU_E,South,6
2024-05-06,SKU_E,East,3
2024-05-06,SKU_E,West,4
2024-05-07,SKU_A,North,3
2024-05-07,SKU_A,South,6
2024-05-07,SKU_A,East,4
2024-05-07,SKU_A,West,1
2024-05-07,SKU_B,North,9
2024-05-07,SKU_B,South,7
2024-05-07,SKU_B,East,5
2024-05-07,SKU_B,West,4
2024-05-07,SKU_C,North,2
2024-05-07,SKU_C,South,4
2024-05-07,SKU_C,East,5
2024-05-07,SKU_C,West,4
2024-05-07,SKU_D,North,6
2024-05-07,SKU_D,South,3
2024-05-07,SKU_D,East,7
2024-05-07,SKU_D,West,5
2024-05-07,SKU_E,North,6
2024-05-07,SKU_E,South,7
2024-05-07,SKU_E,East,2
2024-05-07,SKU_E,West,6
2024-05-08,SKU_A,North,4
2024-05-08,SKU_A,South,6
2024-05-08,SKU_A,East,3
2024-05-08,SKU_A,West,6
2024-05-08,SKU_B,North,8
2024-05-08,SKU_B,South,3
2024-05-08,SKU_B,East,7
2024-05-08,SKU_B,West,15
2024-05-08,SKU_C,North,7
2024-05-08,SKU_C,South,6
2024-05-08,SKU_C,East,3
2024-05-08,SKU_C,West,2
2024-05-08,SKU_D,North,5
2024-05-08,SKU_D,South,6
2024-05-08,SKU_D,East,6
2024-05-08,SKU_D,West,4
2024-05-08,SKU_E,North,1
2024-05-08,SKU_E,South,6
2024-05-08,SKU_E,East,8
2024-05-08,SKU_E,West,2
2024-05-09,SKU_A,North,2
2024-05-09,SKU_A,South,2
2024-05-09,SKU_A,East,5
2024-05-09,SKU_A,West,7
2024-05-09,SKU_B,North,7
2024-05-09,SKU_B,South,9
2024-05-09,SKU_B,East,4
2024-05-09,SKU_B,West,7
2024-05-09,SKU_C,North,5
2024-05-09,SKU_C,South,7
2024-05-09,SKU_C,East,7
2024-05-09,SKU_C,West,3
2024-05-09,SKU_D,North,5
2024-05-09,SKU_D,South,5
2024-05-09,SKU_D,East,5
2024-05-09,SKU_D,West,5
2024-05-09,SKU_E,North,8
2024-05-09,SKU_E,South,2
2024-05-09,SKU_E,East,6
2024-05-09,SKU_E,West,6
2024-05-10,SKU_A,North,6
2024-05-10,SKU_A,South,1
2024-05-10,SKU_A,East,10
2024-05-10,SKU_A,West,5
2024-05-10,SKU_B,North,3
2024-05-10,SKU_B,South,0
2024-05-10,SKU_B,East,7
2024-05-10,SKU_B,West,4
2024-05-10,SKU_C,North,6
2024-05-10,SKU_C,South,4
2024-05-10,SKU_C,East,2
2024-05-10,SKU_C,West,4
2024-05-10,SKU_D,North,9
2024-05-10,SKU_D,South,4
2024-05-10,SKU_D,East,5
2024-05-10,SKU_D,West,8
2024-05-10,SKU_E,North,2
2024-05-10,SKU_E,South,2
2024-05-10,SKU_E,East,5
2024-05-10,SKU_E,West,4
2024-05-11,SKU_A,North,8
2024-05-11,SKU_A,South,6
2024-05-11,SKU_A,East,9
2024-05-11,SKU_A,West,7
2024-05-11,SKU_B,North,2
2024-05-11,SKU_B,South,8
2024-05-11,SKU_B,East,3
2024-05-11,SKU_B,West,5
2024-05-11,SKU_C,North,4
2024-05-11,SKU_C,South,5
2024-05-11,SKU_C,East,4
2024-05-11,SKU_C,West,8
2024-05-11,SKU_D,North,0
2024-05-11,SKU_D,South,7
2024-05-11,SKU_D,East,4
2024-05-11,SKU_D,West,5
2024-05-11,SKU_E,North,2
2024-05-11,SKU_E,South,3
2024-05-11,SKU_E,East,3
2024-05-11,SKU_E,West,1
2024-05-12,SKU_A,North,3
2024-05-12,SKU_A,South,4
2024-05-12,SKU_A,East,4
2024-05-12,SKU_A,West,7
2024-05-12,SKU_B,North,9
2024-05-12,SKU_B,South,1
2024-05-12,SKU_B,East,3
2024-05-12,SKU_B,West,5
2024-05-12,SKU_C,North,1
2024-05-12,SKU_C,South,3
2024-05-12,SKU_C,East,5
2024-05-12,SKU_C,West,7
2024-05-12,SKU_D,North,4
2024-05-12,SKU_D,South,6
2024-05-12,SKU_D,East,4
2024-05-12,SKU_D,West,3
2024-05-12,SKU_E,North,5
2024-05-12,SKU_E,South,4
2024-05-12,SKU_E,East,4
2024-05-12,SKU_E,West,4
2024-05-13,SKU_A,North,5
2024-05-13,SKU_A,South,4
2024-05-13,SKU_A,East,8
2024-05-13,SKU_A,West,3
2024-05-13,SKU_B,North,5
2024-05-13,SKU_B,South,4
2024-05-13,SKU_B,East,3
2024-05-13,SKU_B,West,5
2024-05-13,SKU_C,North,5
2024-05-13,SKU_C,South,5
2024-05-13,SKU_C,East,2
2024-05-13,SKU_C,West,4
2024-05-13,SKU_D,North,4
2024-05-13,SKU_D,South,7
2024-05-13,SKU_D,East,2
2024-05-13,SKU_D,West,3
2024-05-13,SKU_E,North,4
2024-05-13,SKU_E,South,5
2024-05-13,SKU_E,East,7
2024-05-13,SKU_E,West,5
2024-05-14,SKU_A,North,3
2024-05-14,SKU_A,South,2
2024-05-14,SKU_A,East,5
2024-05-14,SKU_A,West,7
2024-05-14,SKU_B,North,5
2024-05-14,SKU_B,South,5
2024-05-14,SKU_B,East,7
2024-05-14,SKU_B,West,7
2024-05-14,SKU_C,North,10
2024-05-14,SKU_C,South,4
2024-05-14,SKU_C,East,4
2024-05-14,SKU_C,West,0
2024-05-14,SKU_D,North,3
2024-05-14,SKU_D,South,3
2024-05-14,SKU_D,East,2
2024-05-14,SKU_D,West,9
2024-05-14,SKU_E,North,8
2024-05-14,SKU_E,South,8
2024-05-14,SKU_E,East,4
2024-05-14,SKU_E,West,10
2024-05-15,SKU_A,North,3
2024-05-15,SKU_A,South,2
2024-05-15,SKU_A,East,2
2024-05-15,SKU_A,West,2
2024-05-15,SKU_B,North,6
2024-05-15,SKU_B,South,2
2024-05-15,SKU_B,East,9
2024-05-15,SKU_B,West,8
2024-05-15,SKU_C,North,4
2024-05-15,SKU_C,South,4
2024-05-15,SKU_C,East,3
2024-05-15,SKU_C,West,9
2024-05-15,SKU_D,North,10
2024-05-15,SKU_D,South,5
2024-05-15,SKU_D,East,5
2024-05-15,SKU_D,West,9
2024-05-15,SKU_E,North,2
2024-05-15,SKU_E,South,5
2024-05-15,SKU_E,East,5
2024-05-15,SKU_E,West,8
2024-05-16,SKU_A,North,6
2024-05-16,SKU_A,South,6
2024-05-16,SKU_A,East,7
2024-05-16,SKU_A,West,5
2024-05-16,SKU_B,North,5
2024-05-16,SKU_B,South,7
2024-05-16,SKU_B,East,4
2024-05-16,SKU_B,West,4
2024-05-16,SKU_C,North,6
2024-05-16,SKU_C,South,6
2024-05-16,SKU_C,East,4
2024-05-16,SKU_C,West,3
2024-05-16,SKU_D,North,3
2024-05-16,SKU_D,South,10
2024-05-16,SKU_D,East,6
2024-05-16,SKU_D,West,6
2024-05-16,SKU_E,North,4
2024-05-16,SKU_E,South,1
2024-05-16,SKU_E,East,5
2024-05-16,SKU_E,West,7
2024-05-17,SKU_A,North,4
2024-05-17,SKU_A,South,3
2024-05-17,SKU_A,East,5
2024-05-17,SKU_A,West,7
2024-05-17,SKU_B,North,9
2024-05-17,SKU_B,South,2
2024-05-17,SKU_B,East,6
2024-05-17,SKU_B,West,2
2024-05-17,SKU_C,North,3
2024-05-17,SKU_C,South,5
2024-05-17,SKU_C,East,3
2024-05-17,SKU_C,West,4
2024-05-17,SKU_D,North,5
2024-05-17,SKU_D,South,4
2024-05-17,SKU_D,East,5
2024-05-17,SKU_D,West,2
2024-05-17,SKU_E,North,4
2024-05-17,SKU_E,South,5
2024-05-17,SKU_E,East,6
2024-05-17,SKU_E,West,10
2024-05-18,SKU_A,North,5
2024-05-18,SKU_A,South,6
2024-05-18,SKU_A,East,7
2024-05-18,SKU_A,West,4
2024-05-18,SKU_B,North,7
2024-05-18,SKU_B,South,6
2024-05-18,SKU_B,East,2
2024-05-18,SKU_B,West,3
2024-05-18,SKU_C,North,4
2024-05-18,SKU_C,South,4
2024-05-18,SKU_C,East,5
2024-05-18,SKU_C,West,7
2024-05-18,SKU_D,North,3
2024-05-18,SKU_D,South,3
2024-05-18,SKU_D,East,6
2024-05-18,SKU_D,West,3
2024-05-18,SKU_E,North,9
2024-05-18,SKU_E,South,7
2024-05-18,SKU_E,East,5
2024-05-18,SKU_E,West,6
2024-05-19,SKU_A,North,6
2024-05-19,SKU_A,South,3
2024-05-19,SKU_A,East,8
2024-05-19,SKU_A,West,10
2024-05-19,SKU_B,North,6
2024-05-19,SKU_B,South,7
2024-05-19,SKU_B,East,2
2024-05-19,SKU_B,West,5
2024-05-19,SKU_C,North,8
2024-05-19,SKU_C,South,6
2024-05-19,SKU_C,East,2
2024-05-19,SKU_C,West,3
2024-05-19,SKU_D,North,10
2024-05-19,SKU_D,South,3
2024-05-19,SKU_D,East,4
2024-05-19,SKU_D,West,9
2024-05-19,SKU_E,North,2
2024-05-19,SKU_E,South,5
2024-05-19,SKU_E,East,1
2024-05-19,SKU_E,West,5
2024-05-20,SKU_A,North,9
2024-05-20,SKU_A,South,2
2024-05-20,SKU_A,East,5
2024-05-20,SKU_A,West,6
2024-05-20,SKU_B,North,7
2024-05-20,SKU_B,South,3
2024-05-20,SKU_B,East,7
2024-05-20,SKU_B,West,7
2024-05-20,SKU_C,North,6
2024-05-20,SKU_C,South,4
2024-05-20,SKU_C,East,10
2024-05-20,SKU_C,West,6
2024-05-20,SKU_D,North,8
2024-05-20,SKU_D,South,3
2024-05-20,SKU_D,East,6
2024-05-20,SKU_D,West,9
2024-05-20,SKU_E,North,3
2024-05-20,SKU_E,South,7
2024-05-20,SKU_E,East,4
2024-05-20,SKU_E,West,3
2024-05-21,SKU_A,North,9
2024-05-21,SKU_A,South,4
2024-05-21,SKU_A,East,4
2024-05-21,SKU_A,West,3
2024-05-21,SKU_B,North,2
2024-05-21,SKU_B,South,3
2024-05-21,SKU_B,East,6
2024-05-21,SKU_B,West,12
2024-05-21,SKU_C,North,7
2024-05-21,SKU_C,South,4
2024-05-21,SKU_C,East,7
2024-05-21,SKU_C,West,5
2024-05-21,SKU_D,North,8
2024-05-21,SKU_D,South,4
2024-05-21,SKU_D,East,7
2024-05-21,SKU_D,West,5
2024-05-21,SKU_E,North,2
2024-05-21,SKU_E,South,4
2024-05-21,SKU_E,East,6
2024-05-21,SKU_E,West,6
2024-05-22,SKU_A,North,4
2024-05-22,SKU_A,South,3
2024-05-22,SKU_A,East,4
2024-05-22,SKU_A,West,5
2024-05-22,SKU_B,North,7
2024-05-22,SKU_B,South,10
2024-05-22,SKU_B,East,7
2024-05-22,SKU_B,West,5
2024-05-22,SKU_C,North,3
2024-05-22,SKU_C,South,4
2024-05-22,SKU_C,East,4
2024-05-22,SKU_C,West,8
2024-05-22,SKU_D,North,8
2024-05-22,SKU_D,South,4
2024-05-22,SKU_D,East,4
2024-05-22,SKU_D,West,8
2024-05-22,SKU_E,North,4
2024-05-22,SKU_E,South,6
2024-05-22,SKU_E,East,6
2024-05-22,SKU_E,West,1
2024-05-23,SKU_A,North,5
2024-05-23,SKU_A,South,3
2024-05-23,SKU_A,East,9
2024-05-23,SKU_A,West,4
2024-05-23,SKU_B,North,8
2024-05-23,SKU_B,South,8
2024-05-23,SKU_B,East,2
2024-05-23,SKU_B,West,6
2024-05-23,SKU_C,North,9
2024-05-23,SKU_C,South,4
2024-05-23,SKU_C,East,4
2024-05-23,SKU_C,West,6
2024-05-23,SKU_D,North,13
2024-05-23,SKU_D,South,6
2024-05-23,SKU_D,East,8
2024-05-23,SKU_D,West,8
2024-05-23,SKU_E,North,1
2024-05-23,SKU_E,South,8
2024-05-23,SKU_E,East,4
2024-05-23,SKU_E,West,4
2024-05-24,SKU_A,North,2
2024-05-24,SKU_A,South,6
2024-05-24,SKU_A,East,6
2024-05-24,SKU_A,West,3
2024-05-24,SKU_B,North,5
2024-05-24,SKU_B,South,8
2024-05-24,SKU_B,East,9
2024-05-24,SKU_B,West,3
2024-05-24,SKU_C,North,2
2024-05-24,SKU_C,South,7
2024-05-24,SKU_C,East,6
2024-05-24,SKU_C,West,6
2024-05-24,SKU_D,North,6
2024-05-24,SKU_D,South,4
2024-05-24,SKU_D,East,6
2024-05-24,SKU_D,West,10
2024-05-24,SKU_E,North,4
2024-05-24,SKU_E,South,3
2024-05-24,SKU_E,East,0
2024-05-24,SKU_E,West,8
2024-05-25,SKU_A,North,3
2024-05-25,SKU_A,South,4
2024-05-25,SKU_A,East,5
2024-05-25,SKU_A,West,3
2024-05-25,SKU_B,North,2
2024-05-25,SKU_B,South,8
2024-05-25,SKU_B,East,4
2024-05-25,SKU_B,West,3
2024-05-25,SKU_C,North,8
2024-05-25,SKU_C,South,5
2024-05-25,SKU_C,East,6
2024-05-25,SKU_C,West,7
2024-05-25,SKU_D,North,10
2024-05-25,SKU_D,South,7
2024-05-25,SKU_D,East,3
2024-05-25,SKU_D,West,3
2024-05-25,SKU_E,North,7
2024-05-25,SKU_E,South,3
2024-05-25,SKU_E,East,3
2024-05-25,SKU_E,West,3
2024-05-26,SKU_A,North,8
2024-05-26,SKU_A,South,2
2024-05-26,SKU_A,East,5
2024-05-26,SKU_A,West,4
2024-05-26,SKU_B,North,2
2024-05-26,SKU_B,South,3
2024-05-26,SKU_B,East,2
2024-05-26,SKU_B,West,6
2024-05-26,SKU_C,North,3
2024-05-26,SKU_C,South,6
2024-05-26,SKU_C,East,5
2024-05-26,SKU_C,West,4
2024-05-26,SKU_D,North,6
2024-05-26,SKU_D,South,6
2024-05-26,SKU_D,East,6
2024-05-26,SKU_D,West,7
2024-05-26,SKU_E,North,10
2024-05-26,SKU_E,South,12
2024-05-26,SKU_E,East,5
2024-05-26,SKU_E,West,7
2024-05-27,SKU_A,North,10
2024-05-27,SKU_A,South,2
2024-05-27,SKU_A,East,4
2024-05-27,SKU_A,West,6
2024-05-27,SKU_B,North,4
2024-05-27,SKU_B,South,5
2024-05-27,SKU_B,East,3
2024-05-27,SKU_B,West,3
2024-05-27,SKU_C,North,3
2024-05-27,SKU_C,South,6
2024-05-27,SKU_C,East,5
2024-05-27,SKU_C,West,9
2024-05-27,SKU_D,North,1
2024-05-27,SKU_D,South,5
2024-05-27,SKU_D,East,6
2024-05-27,SKU_D,West,5
2024-05-27,SKU_E,North,8
2024-05-27,SKU_E,South,4
2024-05-27,SKU_E,East,6
2024-05-27,SKU_E,West,5
2024-05-28,SKU_A,North,7
2024-05-28,SKU_A,South,4
2024-05-28,SKU_A,East,7
2024-05-28,SKU_A,West,4
2024-05-28,SKU_B,North,5
2024-05-28,SKU_B,South,5
2024-05-28,SKU_B,East,5
2024-05-28,SKU_B,West,6
2024-05-28,SKU_C,North,5
2024-05-28,SKU_C,South,3
2024-05-28,SKU_C,East,3
2024-05-28,SKU_C,West,5
2024-05-28,SKU_D,North,4
2024-05-28,SKU_D,South,5
2024-05-28,SKU_D,East,2
2024-05-28,SKU_D,West,8
2024-05-28,SKU_E,North,4
2024-05-28,SKU_E,South,1
2024-05-28,SKU_E,East,3
2024-05-28,SKU_E,West,6
2024-05-29,SKU_A,North,7
2024-05-29,SKU_A,South,5
2024-05-29,SKU_A,East,3
2024-05-29,SKU_A,West,5
2024-05-29,SKU_B,North,4
2024-05-29,SKU_B,South,4
2024-05-29,SKU_B,East,2
2024-05-29,SKU_B,West,3
2024-05-29,SKU_C,North,4
2024-05-29,SKU_C,South,6
2024-05-29,SKU_C,East,8
2024-05-29,SKU_C,West,5
2024-05-29,SKU_D,North,2
2024-05-29,SKU_D,South,3
2024-05-29,SKU_D,East,6
2024-05-29,SKU_D,West,6
2024-05-29,SKU_E,North,9
2024-05-29,SKU_E,South,5
2024-05-29,SKU_E,East,3
2024-05-29,SKU_E,West,6
2024-05-30,SKU_A,North,4
2024-05-30,SKU_A,South,5
2024-05-30,SKU_A,East,4
2024-05-30,SKU_A,West,7
2024-05-30,SKU_B,North,9
2024-05-30,SKU_B,South,6
2024-05-30,SKU_B,East,5
2024-05-30,SKU_B,West,2
2024-05-30,SKU_C,North,7
2024-05-30,SKU_C,South,2
2024-05-30,SKU_C,East,5
2024-05-30,SKU_C,West,5
2024-05-30,SKU_D,North,4
2024-05-30,SKU_D,South,2
2024-05-30,SKU_D,East,11
2024-05-30,SKU_D,West,5
2024-05-30,SKU_E,North,8
2024-05-30,SKU_E,South,10
2024-05-30,SKU_E,East,10
2024-05-30,SKU_E,West,5
2024-05-31,SKU_A,North,2
2024-05-31,SKU_A,South,7
2024-05-31,SKU_A,East,7
2024-05-31,SKU_A,West,10
2024-05-31,SKU_B,North,3
2024-05-31,SKU_B,South,7
2024-05-31,SKU_B,East,6
2024-05-31,SKU_B,West,2
2024-05-31,SKU_C,North,2
2024-05-31,SKU_C,South,3
2024-05-31,SKU_C,East,4
2024-05-31,SKU_C,West,2
2024-05-31,SKU_D,North,9
2024-05-31,SKU_D,South,7
2024-05-31,SKU_D,East,8
2024-05-31,SKU_D,West,3
2024-05-31,SKU_E,North,7
2024-05-31,SKU_E,South,3
2024-05-31,SKU_E,East,10
2024-05-31,SKU_E,West,4
2024-06-01,SKU_A,North,7
2024-06-01,SKU_A,South,2
2024-06-01,SKU_A,East,2
2024-06-01,SKU_A,West,5
2024-06-01,SKU_B,North,10
2024-06-01,SKU_B,South,6
2024-06-01,SKU_B,East,4
2024-06-01,SKU_B,West,1
2024-06-01,SKU_C,North,8
2024-06-01,SKU_C,South,5
2024-06-01,SKU_C,East,3
2024-06-01,SKU_C,West,4
2024-06-01,SKU_D,North,3
2024-06-01,SKU_D,South,3
2024-06-01,SKU_D,East,4
2024-06-01,SKU_D,West,4
2024-06-01,SKU_E,North,5
2024-06-01,SKU_E,South,3
2024-06-01,SKU_E,East,6
2024-06-01,SKU_E,West,4
2024-06-02,SKU_A,North,6
2024-06-02,SKU_A,South,6
2024-06-02,SKU_A,East,5
2024-06-02,SKU_A,West,7
2024-06-02,SKU_B,North,5
2024-06-02,SKU_B,South,6
2024-06-02,SKU_B,East,4
2024-06-02,SKU_B,West,8
2024-06-02,SKU_C,North,11
2024-06-02,SKU_C,South,6
2024-06-02,SKU_C,East,3
2024-06-02,SKU_C,West,4
2024-06-02,SKU_D,North,8
2024-06-02,SKU_D,South,6
2024-06-02,SKU_D,East,5
2024-06-02,SKU_D,West,6
2024-06-02,SKU_E,North,4
2024-06-02,SKU_E,South,5
2024-06-02,SKU_E,East,14
2024-06-02,SKU_E,West,4
2024-06-03,SKU_A,North,6
2024-06-03,SKU_A,South,2
2024-06-03,SKU_A,East,5
2024-06-03,SKU_A,West,5
2024-06-03,SKU_B,North,4
2024-06-03,SKU_B,South,3
2024-06-03,SKU_B,East,6
2024-06-03,SKU_B,West,5
2024-06-03,SKU_C,North,7
2024-06-03,SKU_C,South,8
2024-06-03,SKU_C,East,6
2024-06-03,SKU_C,West,5
2024-06-03,SKU_D,North,8
2024-06-03,SKU_D,South,9
2024-06-03,SKU_D,East,3
2024-06-03,SKU_D,West,5
2024-06-03,SKU_E,North,2
2024-06-03,SKU_E,South,6
2024-06-03,SKU_E,East,9
2024-06-03,SKU_E,West,5
2024-06-04,SKU_A,North,7
2024-06-04,SKU_A,South,7
2024-06-04,SKU_A,East,3
2024-06-04,SKU_A,West,5
2024-06-04,SKU_B,North,5
2024-06-04,SKU_B,South,4
2024-06-04,SKU_B,East,5
2024-06-04,SKU_B,West,4
2024-06-04,SKU_C,North,8
2024-06-04,SKU_C,South,7
2024-06-04,SKU_C,East,6
2024-06-04,SKU_C,West,7
2024-06-04,SKU_D,North,10
2024-06-04,SKU_D,South,4
2024-06-04,SKU_D,East,9
2024-06-04,SKU_D,West,9
2024-06-04,SKU_E,North,9
2024-06-04,SKU_E,South,3
2024-06-04,SKU_E,East,3
2024-06-04,SKU_E,West,8
2024-06-05,SKU_A,North,6
2024-06-05,SKU_A,South,9
2024-06-05,SKU_A,East,2
2024-06-05,SKU_A,West,6
2024-06-05,SKU_B,North,2
2024-06-05,SKU_B,South,9
2024-06-05,SKU_B,East,6
2024-06-05,SKU_B,West,1
2024-06-05,SKU_C,North,3
2024-06-05,SKU_C,South,4
2024-06-05,SKU_C,East,4
2024-06-05,SKU_C,West,6
2024-06-05,SKU_D,North,8
2024-06-05,SKU_D,South,5
2024-06-05,SKU_D,East,11
2024-06-05,SKU_D,West,9
2024-06-05,SKU_E,North,5
2024-06-05,SKU_E,South,4
2024-06-05,SKU_E,East,3
2024-06-05,SKU_E,West,12
2024-06-06,SKU_A,North,5
2024-06-06,SKU_A,South,12
2024-06-06,SKU_A,East,4
2024-06-06,SKU_A,West,5
2024-06-06,SKU_B,North,3
2024-06-06,SKU_B,South,3
2024-06-06,SKU_B,East,5
2024-06-06,SKU_B,West,3
2024-06-06,SKU_C,North,8
2024-06-06,SKU_C,South,6
2024-06-06,SKU_C,East,4
2024-06-06,SKU_C,West,2
2024-06-06,SKU_D,North,8
2024-06-06,SKU_D,South,7
2024-06-06,SKU_D,East,3
2024-06-06,SKU_D,West,3
2024-06-06,SKU_E,North,8
2024-06-06,SKU_E,South,5
2024-06-06,SKU_E,East,6
2024-06-06,SKU_E,West,9
2024-06-07,SKU_A,North,4
2024-06-07,SKU_A,South,5
2024-06-07,SKU_A,East,6
2024-06-07,SKU_A,West,7
2024-06-07,SKU_B,North,3
2024-06-07,SKU_B,South,4
2024-06-07,SKU_B,East,4
2024-06-07,SKU_B,West,1
2024-06-07,SKU_C,North,5
2024-06-07,SKU_C,South,4
2024-06-07,SKU_C,East,1
2024-06-07,SKU_C,West,3
2024-06-07,SKU_D,North,7
2024-06-07,SKU_D,South,0
2024-06-07,SKU_D,East,9
2024-06-07,SKU_D,West,5
2024-06-07,SKU_E,North,4
2024-06-07,SKU_E,South,0
2024-06-07,SKU_E,East,6
2024-06-07,SKU_E,West,6
2024-06-08,SKU_A,North,2
2024-06-08,SKU_A,South,3
2024-06-08,SKU_A,East,5
2024-06-08,SKU_A,West,7
2024-06-08,SKU_B,North,5
2024-06-08,SKU_B,South,5
2024-06-08,SKU_B,East,6
2024-06-08,SKU_B,West,3
2024-06-08,SKU_C,North,5
2024-06-08,SKU_C,South,4
2024-06-08,SKU_C,East,3
2024-06-08,SKU_C,West,7
2024-06-08,SKU_D,North,4
2024-06-08,SKU_D,South,7
2024-06-08,SKU_D,East,6
2024-06-08,SKU_D,West,4
2024-06-08,SKU_E,North,4
2024-06-08,SKU_E,South,3
2024-06-08,SKU_E,East,5
2024-06-08,SKU_E,West,4
2024-06-09,SKU_A,North,10
2024-06-09,SKU_A,South,8
2024-06-09,SKU_A,East,2
2024-06-09,SKU_A,West,3
2024-06-09,SKU_B,North,7
2024-06-09,SKU_B,South,4
2024-06-09,SKU_B,East,6
2024-06-09,SKU_B,West,4
2024-06-09,SKU_C,North,5
2024-06-09,SKU_C,South,5
2024-06-09,SKU_C,East,9
2024-06-09,SKU_C,West,4
2024-06-09,SKU_D,North,1
2024-06-09,SKU_D,South,4
2024-06-09,SKU_D,East,6
2024-06-09,SKU_D,West,3
2024-06-09,SKU_E,North,4
2024-06-09,SKU_E,South,10
2024-06-09,SKU_E,East,9
2024-06-09,SKU_E,West,6
2024-06-10,SKU_A,North,7
2024-06-10,SKU_A,South,0
2024-06-10,SKU_A,East,6
2024-06-10,SKU_A,West,2
2024-06-10,SKU_B,North,3
2024-06-10,SKU_B,South,13
2024-06-10,SKU_B,East,5
2024-06-10,SKU_B,West,2
2024-06-10,SKU_C,North,6
2024-06-10,SKU_C,South,6
2024-06-10,SKU_C,East,4
2024-06-10,SKU_C,West,8
2024-06-10,SKU_D,North,10
2024-06-10,SKU_D,South,9
2024-06-10,SKU_D,East,4
2024-06-10,SKU_D,West,3
2024-06-10,SKU_E,North,6
2024-06-10,SKU_E,South,7
2024-06-10,SKU_E,East,5
2024-06-10,SKU_E,West,4
2024-06-11,SKU_A,North,6
2024-06-11,SKU_A,South,5
2024-06-11,SKU_A,East,5
2024-06-11,SKU_A,West,1
2024-06-11,SKU_B,North,6
2024-06-11,SKU_B,South,4
2024-06-11,SKU_B,East,4
2024-06-11,SKU_B,West,2
2024-06-11,SKU_C,North,5
2024-06-11,SKU_C,South,4
2024-06-11,SKU_C,East,9
2024-06-11,SKU_C,West,4
2024-06-11,SKU_D,North,0
2024-06-11,SKU_D,South,11
2024-06-11,SKU_D,East,8
2024-06-11,SKU_D,West,7
2024-06-11,SKU_E,North,6
2024-06-11,SKU_E,South,3
2024-06-11,SKU_E,East,5
2024-06-11,SKU_E,West,6
2024-06-12,SKU_A,North,3
2024-06-12,SKU_A,South,5
2024-06-12,SKU_A,East,8
2024-06-12,SKU_A,West,6
2024-06-12,SKU_B,North,7
2024-06-12,SKU_B,South,4
2024-06-12,SKU_B,East,3
2024-06-12,SKU_B,West,8
2024-06-12,SKU_C,North,1
2024-06-12,SKU_C,South,5
2024-06-12,SKU_C,East,6
2024-06-12,SKU_C,West,5
2024-06-12,SKU_D,North,5
2024-06-12,SKU_D,South,5
2024-06-12,SKU_D,East,5
2024-06-12,SKU_D,West,6
2024-06-12,SKU_E,North,5
2024-06-12,SKU_E,South,5
2024-06-12,SKU_E,East,8
2024-06-12,SKU_E,West,3
2024-06-13,SKU_A,North,5
2024-06-13,SKU_A,South,3
2024-06-13,SKU_A,East,3
2024-06-13,SKU_A,West,7
2024-06-13,SKU_B,North,4
2024-06-13,SKU_B,South,4
2024-06-13,SKU_B,East,2
2024-06-13,SKU_B,West,6
2024-06-13,SKU_C,North,3
2024-06-13,SKU_C,South,7
2024-06-13,SKU_C,East,7
2024-06-13,SKU_C,West,8
2024-06-13,SKU_D,North,6
2024-06-13,SKU_D,South,7
2024-06-13,SKU_D,East,4
2024-06-13,SKU_D,West,7
2024-06-13,SKU_E,North,2
2024-06-13,SKU_E,South,5
2024-06-13,SKU_E,East,3
2024-06-13,SKU_E,West,7
2024-06-14,SKU_A,North,5
2024-06-14,SKU_A,South,7
2024-06-14,SKU_A,East,9
2024-06-14,SKU_A,West,6
2024-06-14,SKU_B,North,5
2024-06-14,SKU_B,South,7
2024-06-14,SKU_B,East,1
2024-06-14,SKU_B,West,3
2024-06-14,SKU_C,North,3
2024-06-14,SKU_C,South,11
2024-06-14,SKU_C,East,4
2024-06-14,SKU_C,West,2
2024-06-14,SKU_D,North,5
2024-06-14,SKU_D,South,7
2024-06-14,SKU_D,East,2
2024-06-14,SKU_D,West,5
2024-06-14,SKU_E,North,2
2024-06-14,SKU_E,South,1
2024-06-14,SKU_E,East,6
2024-06-14,SKU_E,West,4
2024-06-15,SKU_A,North,7
2024-06-15,SKU_A,South,7
2024-06-15,SKU_A,East,6
2024-06-15,SKU_A,West,6
2024-06-15,SKU_B,North,6
2024-06-15,SKU_B,South,7
2024-06-15,SKU_B,East,4
2024-06-15,SKU_B,West,9
2024-06-15,SKU_C,North,4
2024-06-15,SKU_C,South,6
2024-06-15,SKU_C,East,7
2024-06-15,SKU_C,West,4
2024-06-15,SKU_D,North,6
2024-06-15,SKU_D,South,2
2024-06-15,SKU_D,East,6
2024-06-15,SKU_D,West,4
2024-06-15,SKU_E,North,3
2024-06-15,SKU_E,South,3
2024-06-15,SKU_E,East,5
2024-06-15,SKU_E,West,3
2024-06-16,SKU_A,North,4
2024-06-16,SKU_A,South,3
2024-06-16,SKU_A,East,6
2024-06-16,SKU_A,West,9
2024-06-16,SKU_B,North,5
2024-06-16,SKU_B,South,6
2024-06-16,SKU_B,East,4
2024-06-16,SKU_B,West,3
2024-06-16,SKU_C,North,9
2024-06-16,SKU_C,South,3
2024-06-16,SKU_C,East,9
2024-06-16,SKU_C,West,4
2024-06-16,SKU_D,North,8
2024-06-16,SKU_D,South,3
2024-06-16,SKU_D,East,3
2024-06-16,SKU_D,West,5
2024-06-16,SKU_E,North,8
2024-06-16,SKU_E,South,3
2024-06-16,SKU_E,East,4
2024-06-16,SKU_E,West,8
2024-06-17,SKU_A,North,3
2024-06-17,SKU_A,South,3
2024-06-17,SKU_A,East,2
2024-06-17,SKU_A,West,7
2024-06-17,SKU_B,North,2
2024-06-17,SKU_B,South,6
2024-06-17,SKU_B,East,5
2024-06-17,SKU_B,West,6
2024-06-17,SKU_C,North,2
2024-06-17,SKU_C,South,10
2024-06-17,SKU_C,East,3
2024-06-17,SKU_C,West,6
2024-06-17,SKU_D,North,5
2024-06-17,SKU_D,South,7
2024-06-17,SKU_D,East,6
2024-06-17,SKU_D,West,7
2024-06-17,SKU_E,North,4
2024-06-17,SKU_E,South,7
2024-06-17,SKU_E,East,2
2024-06-17,SKU_E,West,6
2024-06-18,SKU_A,North,7
2024-06-18,SKU_A,South,5
2024-06-18,SKU_A,East,4
2024-06-18,SKU_A,West,5
2024-06-18,SKU_B,North,2
2024-06-18,SKU_B,South,8
2024-06-18,SKU_B,East,5
2024-06-18,SKU_B,West,6
2024-06-18,SKU_C,North,5
2024-06-18,SKU_C,South,6
2024-06-18,SKU_C,East,8
2024-06-18,SKU_C,West,7
2024-06-18,SKU_D,North,0
2024-06-18,SKU_D,South,4
2024-06-18,SKU_D,East,7
2024-06-18,SKU_D,West,7
2024-06-18,SKU_E,North,2
2024-06-18,SKU_E,South,3
2024-06-18,SKU_E,East,9
2024-06-18,SKU_E,West,7
2024-06-19,SKU_A,North,8
2024-06-19,SKU_A,South,4
2024-06-19,SKU_A,East,2
2024-06-19,SKU_A,West,6
2024-06-19,SKU_B,North,2
2024-06-19,SKU_B,South,4
2024-06-19,SKU_B,East,9
2024-06-19,SKU_B,West,4
2024-06-19,SKU_C,North,3
2024-06-19,SKU_C,South,4
2024-06-19,SKU_C,East,2
2024-06-19,SKU_C,West,7
2024-06-19,SKU_D,North,7
2024-06-19,SKU_D,South,2
2024-06-19,SKU_D,East,4
2024-06-19,SKU_D,West,4
2024-06-19,SKU_E,North,5
2024-06-19,SKU_E,South,6
2024-06-19,SKU_E,East,6
2024-06-19,SKU_E,West,8
2024-06-20,SKU_A,North,4
2024-06-20,SKU_A,South,1
2024-06-20,SKU_A,East,4
2024-06-20,SKU_A,West,6
2024-06-20,SKU_B,North,3
2024-06-20,SKU_B,South,4
2024-06-20,SKU_B,East,1
2024-06-20,SKU_B,West,7
2024-06-20,SKU_C,North,2
2024-06-20,SKU_C,South,9
2024-06-20,SKU_C,East,6
2024-06-20,SKU_C,West,5
2024-06-20,SKU_D,North,10
2024-06-20,SKU_D,South,7
2024-06-20,SKU_D,East,5
2024-06-20,SKU_D,West,4
2024-06-20,SKU_E,North,11
2024-06-20,SKU_E,South,4
2024-06-20,SKU_E,East,3
2024-06-20,SKU_E,West,1
2024-06-21,SKU_A,North,7
2024-06-21,SKU_A,South,5
2024-06-21,SKU_A,East,7
2024-06-21,SKU_A,West,5
2024-06-21,SKU_B,North,2
2024-06-21,SKU_B,South,5
2024-06-21,SKU_B,East,9
2024-06-21,SKU_B,West,11
2024-06-21,SKU_C,North,6
2024-06-21,SKU_C,South,6
2024-06-21,SKU_C,East,3
2024-06-21,SKU_C,West,8
2024-06-21,SKU_D,North,3
2024-06-21,SKU_D,South,8
2024-06-21,SKU_D,East,7
2024-06-21,SKU_D,West,6
2024-06-21,SKU_E,North,6
2024-06-21,SKU_E,South,3
2024-06-21,SKU_E,East,7
2024-06-21,SKU_E,West,4
2024-06-22,SKU_A,North,4
2024-06-22,SKU_A,South,10
2024-06-22,SKU_A,East,6
2024-06-22,SKU_A,West,2
2024-06-22,SKU_B,North,4
2024-06-22,SKU_B,South,3
2024-06-22,SKU_B,East,9
2024-06-22,SKU_B,West,6
2024-06-22,SKU_C,North,3
2024-06-22,SKU_C,South,7
2024-06-22,SKU_C,East,5
2024-06-22,SKU_C,West,7
2024-06-22,SKU_D,North,7
2024-06-22,SKU_D,South,2
2024-06-22,SKU_D,East,7
2024-06-22,SKU_D,West,3
2024-06-22,SKU_E,North,7
2024-06-22,SKU_E,South,5
2024-06-22,SKU_E,East,8
2024-06-22,SKU_E,West,3
2024-06-23,SKU_A,North,7
2024-06-23,SKU_A,South,4
2024-06-23,SKU_A,East,3
2024-06-23,SKU_A,West,3
2024-06-23,SKU_B,North,2
2024-06-23,SKU_B,South,9
2024-06-23,SKU_B,East,10
2024-06-23,SKU_B,West,7
2024-06-23,SKU_C,North,7
2024-06-23,SKU_C,South,4
2024-06-23,SKU_C,East,4
2024-06-23,SKU_C,West,5
2024-06-23,SKU_D,North,3
2024-06-23,SKU_D,South,7
2024-06-23,SKU_D,East,4
2024-06-23,SKU_D,West,4
2024-06-23,SKU_E,North,4
2024-06-23,SKU_E,South,8
2024-06-23,SKU_E,East,5
2024-06-23,SKU_E,West,3
2024-06-24,SKU_A,North,11
2024-06-24,SKU_A,South,7
2024-06-24,SKU_A,East,5
2024-06-24,SKU_A,West,6
2024-06-24,SKU_B,North,2
2024-06-24,SKU_B,South,1
2024-06-24,SKU_B,East,3
2024-06-24,SKU_B,West,5
2024-06-24,SKU_C,North,7
2024-06-24,SKU_C,South,3
2024-06-24,SKU_C,East,4
2024-06-24,SKU_C,West,2
2024-06-24,SKU_D,North,5
2024-06-24,SKU_D,South,2
2024-06-24,SKU_D,East,5
2024-06-24,SKU_D,West,7
2024-06-24,SKU_E,North,3
2024-06-24,SKU_E,South,6
2024-06-24,SKU_E,East,3
2024-06-24,SKU_E,West,10
2024-06-25,SKU_A,North,5
2024-06-25,SKU_A,South,3
2024-06-25,SKU_A,East,7
2024-06-25,SKU_A,West,3
2024-06-25,SKU_B,North,5
2024-06-25,SKU_B,South,4
2024-06-25,SKU_B,East,7
2024-06-25,SKU_B,West,4
2024-06-25,SKU_C,North,4
2024-06-25,SKU_C,South,3
2024-06-25,SKU_C,East,6
2024-06-25,SKU_C,West,10
2024-06-25,SKU_D,North,3
2024-06-25,SKU_D,South,5
2024-06-25,SKU_D,East,4
2024-06-25,SKU_D,West,5
2024-06-25,SKU_E,North,2
2024-06-25,SKU_E,South,3
2024-06-25,SKU_E,East,4
2024-06-25,SKU_E,West,6
2024-06-26,SKU_A,North,7
2024-06-26,SKU_A,South,4
2024-06-26,SKU_A,East,7
2024-06-26,SKU_A,West,4
2024-06-26,SKU_B,North,5
2024-06-26,SKU_B,South,6
2024-06-26,SKU_B,East,9
2024-06-26,SKU_B,West,3
2024-06-26,SKU_C,North,9
2024-06-26,SKU_C,South,6
2024-06-26,SKU_C,East,2
2024-06-26,SKU_C,West,9
2024-06-26,SKU_D,North,4
2024-06-26,SKU_D,South,5
2024-06-26,SKU_D,East,5
2024-06-26,SKU_D,West,4
2024-06-26,SKU_E,North,3
2024-06-26,SKU_E,South,5
2024-06-26,SKU_E,East,4
2024-06-26,SKU_E,West,3
2024-06-27,SKU_A,North,5
2024-06-27,SKU_A,South,6
2024-06-27,SKU_A,East,9
2024-06-27,SKU_A,West,3
2024-06-27,SKU_B,North,5
2024-06-27,SKU_B,South,7
2024-06-27,SKU_B,East,5
2024-06-27,SKU_B,West,2
2024-06-27,SKU_C,North,5
2024-06-27,SKU_C,South,7
2024-06-27,SKU_C,East,8
2024-06-27,SKU_C,West,2
2024-06-27,SKU_D,North,3
2024-06-27,SKU_D,South,6
2024-06-27,SKU_D,East,3
2024-06-27,SKU_D,West,6
2024-06-27,SKU_E,North,10
2024-06-27,SKU_E,South,2
2024-06-27,SKU_E,East,6
2024-06-27,SKU_E,West,5
2024-06-28,SKU_A,North,3
2024-06-28,SKU_A,South,4
2024-06-28,SKU_A,East,5
2024-06-28,SKU_A,West,5
2024-06-28,SKU_B,North,9
2024-06-28,SKU_B,South,6
2024-06-28,SKU_B,East,4
2024-06-28,SKU_B,West,3
2024-06-28,SKU_C,North,4
2024-06-28,SKU_C,South,2
2024-06-28,SKU_C,East,5
2024-06-28,SKU_C,West,4
2024-06-28,SKU_D,North,2
2024-06-28,SKU_D,South,5
2024-06-28,SKU_D,East,11
2024-06-28,SKU_D,West,4
2024-06-28,SKU_E,North,6
2024-06-28,SKU_E,South,2
2024-06-28,SKU_E,East,4
2024-06-28,SKU_E,West,9
2024-06-29,SKU_A,North,2
2024-06-29,SKU_A,South,5
2024-06-29,SKU_A,East,4
2024-06-29,SKU_A,West,5
2024-06-29,SKU_B,North,3
2024-06-29,SKU_B,South,4
2024-06-29,SKU_B,East,5
2024-06-29,SKU_B,West,7
2024-06-29,SKU_C,North,6
2024-06-29,SKU_C,South,5
2024-06-29,SKU_C,East,7
2024-06-29,SKU_C,West,5
2024-06-29,SKU_D,North,9
2024-06-29,SKU_D,South,5
2024-06-29,SKU_D,East,5
2024-06-29,SKU_D,West,8
2024-06-29,SKU_E,North,4
2024-06-29,SKU_E,South,2
2024-06-29,SKU_E,East,5
2024-06-29,SKU_E,West,3
2024-06-30,SKU_A,North,2
2024-06-30,SKU_A,South,5
2024-06-30,SKU_A,East,8
2024-06-30,SKU_A,West,3
2024-06-30,SKU_B,North,4
2024-06-30,SKU_B,South,11
2024-06-30,SKU_B,East,4
2024-06-30,SKU_B,West,7
2024-06-30,SKU_C,North,1
2024-06-30,SKU_C,South,3
2024-06-30,SKU_C,East,2
2024-06-30,SKU_C,West,6
2024-06-30,SKU_D,North,3
2024-06-30,SKU_D,South,5
2024-06-30,SKU_D,East,8
2024-06-30,SKU_D,West,8
2024-06-30,SKU_E,North,2
2024-06-30,SKU_E,South,6
2024-06-30,SKU_E,East,7
2024-06-30,SKU_E,West,3
